2026-04-27 15:52:17,362 INFO detect language=fr confidence=0.99 source=rule reliability=high text_length=7
2026-04-27 15:52:17,362 INFO request method=POST path=/detect status=200
2026-04-27 15:52:17,478 INFO request method=GET path=/detect status=200
2026-04-27 15:52:17,512 INFO request method=GET path=/admin status=200
2026-04-27 15:52:17,537 INFO request method=GET path=/admin.json status=200
2026-04-27 15:52:17,986 INFO request method=GET path=/model-card status=200
2026-04-27 15:52:17,992 INFO request method=GET path=/quality status=200
2026-04-27 15:52:18,030 INFO request method=GET path=/model-card.json status=200
2026-04-27 15:52:18,038 INFO request method=GET path=/logs status=200
2026-04-27 15:52:18,040 INFO request method=GET path=/quality.json status=200
2026-04-27 15:52:18,043 INFO request method=GET path=/benchmark status=200
2026-04-27 15:52:18,044 INFO request method=GET path=/benchmark.json status=200
2026-04-27 15:52:18,045 INFO request method=GET path=/logs.json status=200
2026-04-27 15:52:18,046 INFO request method=GET path=/characters status=200
2026-04-27 15:52:18,048 INFO request method=GET path=/characters.json status=200
2026-04-27 15:52:18,089 INFO request method=GET path=/quality status=200
2026-04-27 15:52:18,095 INFO request method=GET path=/model-card status=200
2026-04-27 15:52:18,142 INFO request method=GET path=/model-card.json status=200
2026-04-27 15:52:18,149 INFO request method=GET path=/logs.json status=200
2026-04-27 15:52:18,149 INFO request method=GET path=/model-card.json status=200
2026-04-27 15:52:18,157 INFO request method=GET path=/logs status=200
2026-04-27 15:52:18,165 INFO request method=GET path=/logs.json status=200
2026-04-27 15:52:18,173 INFO request method=GET path=/runs status=200
2026-04-27 15:52:18,179 INFO request method=GET path=/runs.json status=200
2026-04-27 15:52:18,180 INFO request method=GET path=/learn status=200
2026-04-27 15:52:18,186 INFO request method=GET path=/learn/items status=200
2026-04-27 15:52:18,186 INFO request method=GET path=/review status=200
2026-04-27 15:52:18,186 INFO request method=GET path=/corpus status=200
2026-04-27 15:52:18,201 INFO request method=GET path=/corpus/files status=200
2026-04-27 15:52:18,211 INFO request method=GET path=/frequency status=200
2026-04-27 15:52:18,223 INFO request method=GET path=/frequency/files status=200
2026-04-27 15:52:18,223 INFO request method=GET path=/lexicon status=200
2026-04-27 15:52:18,234 INFO request method=GET path=/lexicon/entries status=200
2026-04-27 15:52:18,235 INFO request method=GET path=/names status=200
2026-04-27 15:52:18,235 INFO request method=GET path=/api-docs status=200
2026-04-27 15:52:18,235 INFO request method=GET path=/openapi.json status=200
2026-04-27 15:52:18,236 INFO request method=GET path=/safety status=200
2026-04-27 15:52:18,236 INFO request method=GET path=/safety.json status=200
2026-04-27 15:52:18,237 INFO request method=GET path=/report status=200
2026-04-27 15:52:18,238 INFO request method=GET path=/health status=200
2026-04-27 15:52:18,246 INFO request method=GET path=/storage status=200
2026-04-27 15:52:18,252 INFO request method=GET path=/review/storage status=200
2026-04-27 15:52:18,260 INFO request method=GET path=/words/analyze status=200
2026-04-27 15:52:18,260 INFO request method=GET path=/names/analyze status=200
2026-04-27 15:52:18,261 INFO detect language=fr confidence=0.99 source=rule reliability=high text_length=7
2026-04-27 15:52:18,261 INFO request method=POST path=/detect status=200
2026-04-27 15:52:18,261 INFO request method=POST path=/analyze status=200
2026-04-27 15:52:32,676 INFO request method=GET path=/detect status=200
2026-04-27 15:52:32,697 INFO request method=GET path=/quality.json status=200
2026-04-27 15:52:32,710 INFO request method=GET path=/admin status=200
2026-04-27 15:52:32,733 INFO request method=GET path=/admin.json status=200
2026-04-27 15:52:32,776 INFO request method=GET path=/quality status=200
2026-04-27 15:52:32,820 INFO request method=GET path=/quality.json status=200
2026-04-27 15:52:32,824 INFO request method=GET path=/benchmark status=200
2026-04-27 15:52:32,826 INFO request method=GET path=/benchmark.json status=200
2026-04-27 15:52:32,828 INFO request method=GET path=/characters status=200
2026-04-27 15:52:32,830 INFO request method=GET path=/characters.json status=200
2026-04-27 15:52:32,871 INFO request method=GET path=/model-card status=200
2026-04-27 15:52:32,913 INFO request method=GET path=/model-card.json status=200
2026-04-27 15:52:32,923 INFO request method=GET path=/logs status=200
2026-04-27 15:52:32,933 INFO request method=GET path=/logs.json status=200
2026-04-27 15:52:32,941 INFO request method=GET path=/runs status=200
2026-04-27 15:52:32,947 INFO request method=GET path=/runs.json status=200
2026-04-27 15:52:32,947 INFO request method=GET path=/learn status=200
2026-04-27 15:52:32,953 INFO request method=GET path=/learn/items status=200
2026-04-27 15:52:32,953 INFO request method=GET path=/review status=200
2026-04-27 15:52:32,953 INFO request method=GET path=/corpus status=200
2026-04-27 15:52:32,969 INFO request method=GET path=/corpus/files status=200
2026-04-27 15:52:32,978 INFO request method=GET path=/frequency status=200
2026-04-27 15:52:32,987 INFO request method=GET path=/frequency/files status=200
2026-04-27 15:52:32,988 INFO request method=GET path=/lexicon status=200
2026-04-27 15:52:32,996 INFO request method=GET path=/lexicon/entries status=200
2026-04-27 15:52:32,997 INFO request method=GET path=/names status=200
2026-04-27 15:52:32,997 INFO request method=GET path=/api-docs status=200
2026-04-27 15:52:32,997 INFO request method=GET path=/openapi.json status=200
2026-04-27 15:52:32,998 INFO request method=GET path=/safety status=200
2026-04-27 15:52:32,998 INFO request method=GET path=/safety.json status=200
2026-04-27 15:52:32,999 INFO request method=GET path=/report status=200
2026-04-27 15:52:32,999 INFO request method=GET path=/health status=200
2026-04-27 15:52:33,006 INFO request method=GET path=/storage status=200
2026-04-27 15:52:33,012 INFO request method=GET path=/review/storage status=200
2026-04-27 15:52:33,018 INFO request method=GET path=/words/analyze status=200
2026-04-27 15:52:33,019 INFO request method=GET path=/names/analyze status=200
2026-04-27 15:52:33,019 INFO detect language=fr confidence=0.99 source=rule reliability=high text_length=7
2026-04-27 15:52:33,019 INFO request method=POST path=/detect status=200
2026-04-27 15:52:33,020 INFO request method=POST path=/analyze status=200
2026-04-27 16:05:31,002 INFO request method=POST path=/admin/login status=302
2026-04-27 16:05:31,005 INFO request method=GET path=/detect status=200
2026-04-27 16:05:31,031 INFO request method=GET path=/admin status=200
2026-04-27 16:05:31,055 INFO request method=GET path=/admin.json status=200
2026-04-27 16:05:31,101 INFO request method=GET path=/quality status=200
2026-04-27 16:05:31,145 INFO request method=GET path=/quality.json status=200
2026-04-27 16:05:31,149 INFO request method=GET path=/benchmark status=200
2026-04-27 16:05:31,152 INFO request method=GET path=/benchmark.json status=200
2026-04-27 16:05:31,154 INFO request method=GET path=/characters status=200
2026-04-27 16:05:31,156 INFO request method=GET path=/characters.json status=200
2026-04-27 16:05:31,201 INFO request method=GET path=/model-card status=200
2026-04-27 16:05:31,244 INFO request method=GET path=/model-card.json status=200
2026-04-27 16:05:31,255 INFO request method=GET path=/logs status=200
2026-04-27 16:05:31,265 INFO request method=GET path=/logs.json status=200
2026-04-27 16:05:31,274 INFO request method=GET path=/runs status=200
2026-04-27 16:05:31,280 INFO request method=GET path=/runs.json status=200
2026-04-27 16:05:31,281 INFO request method=GET path=/learn status=200
2026-04-27 16:05:31,286 INFO request method=GET path=/learn/items status=200
2026-04-27 16:05:31,287 INFO request method=GET path=/review status=200
2026-04-27 16:05:31,287 INFO request method=GET path=/corpus status=200
2026-04-27 16:05:31,303 INFO request method=GET path=/corpus/files status=200
2026-04-27 16:05:31,312 INFO request method=GET path=/frequency status=200
2026-04-27 16:05:31,321 INFO request method=GET path=/frequency/files status=200
2026-04-27 16:05:31,322 INFO request method=GET path=/lexicon status=200
2026-04-27 16:05:31,332 INFO request method=GET path=/lexicon/entries status=200
2026-04-27 16:05:31,333 INFO request method=GET path=/names status=200
2026-04-27 16:05:31,334 INFO request method=GET path=/api-docs status=200
2026-04-27 16:05:31,334 INFO request method=GET path=/openapi.json status=200
2026-04-27 16:05:31,334 INFO request method=GET path=/safety status=200
2026-04-27 16:05:31,335 INFO request method=GET path=/safety.json status=200
2026-04-27 16:05:31,336 INFO request method=GET path=/report status=200
2026-04-27 16:05:31,336 INFO request method=GET path=/health status=200
2026-04-27 16:05:31,343 INFO request method=GET path=/storage status=200
2026-04-27 16:05:31,350 INFO request method=GET path=/review/storage status=200
2026-04-27 16:05:31,357 INFO request method=GET path=/words/analyze status=200
2026-04-27 16:05:31,358 INFO request method=GET path=/names/analyze status=200
2026-04-27 16:05:31,358 INFO detect language=fr confidence=0.99 source=rule reliability=high text_length=7
2026-04-27 16:05:31,358 INFO request method=POST path=/detect status=200
2026-04-27 16:05:31,359 INFO request method=POST path=/analyze status=200
2026-04-27 16:05:50,999 INFO request method=GET path=/admin status=302
2026-04-27 16:05:50,999 INFO request method=GET path=/quality.json status=401
2026-04-27 16:05:51,000 INFO request method=POST path=/admin/login status=302
2026-04-27 16:05:51,076 INFO request method=GET path=/admin status=200
2026-04-27 16:05:51,099 INFO request method=POST path=/admin/login status=302
2026-04-27 16:05:51,100 INFO request method=GET path=/detect status=200
2026-04-27 16:05:51,123 INFO request method=GET path=/admin status=200
2026-04-27 16:05:51,145 INFO request method=GET path=/admin.json status=200
2026-04-27 16:05:51,160 INFO request method=GET path=/model-card.json status=200
2026-04-27 16:05:51,191 INFO request method=GET path=/quality status=200
2026-04-27 16:05:51,206 INFO request method=GET path=/quality.json status=200
2026-04-27 16:05:51,234 INFO request method=GET path=/quality.json status=200
2026-04-27 16:05:51,238 INFO request method=GET path=/benchmark status=200
2026-04-27 16:05:51,241 INFO request method=GET path=/benchmark.json status=200
2026-04-27 16:05:51,244 INFO request method=GET path=/characters status=200
2026-04-27 16:05:51,245 INFO request method=GET path=/characters.json status=200
2026-04-27 16:05:51,293 INFO request method=GET path=/model-card status=200
2026-04-27 16:05:51,337 INFO request method=GET path=/model-card.json status=200
2026-04-27 16:05:51,348 INFO request method=GET path=/logs status=200
2026-04-27 16:05:51,357 INFO request method=GET path=/logs.json status=200
2026-04-27 16:05:51,366 INFO request method=GET path=/runs status=200
2026-04-27 16:05:51,372 INFO request method=GET path=/runs.json status=200
2026-04-27 16:05:51,372 INFO request method=GET path=/learn status=200
2026-04-27 16:05:51,378 INFO request method=GET path=/learn/items status=200
2026-04-27 16:05:51,379 INFO request method=GET path=/review status=200
2026-04-27 16:05:51,380 INFO request method=GET path=/corpus status=200
2026-04-27 16:05:51,396 INFO request method=GET path=/corpus/files status=200
2026-04-27 16:05:51,405 INFO request method=GET path=/frequency status=200
2026-04-27 16:05:51,415 INFO request method=GET path=/frequency/files status=200
2026-04-27 16:05:51,415 INFO request method=GET path=/lexicon status=200
2026-04-27 16:05:51,425 INFO request method=GET path=/lexicon/entries status=200
2026-04-27 16:05:51,426 INFO request method=GET path=/names status=200
2026-04-27 16:05:51,427 INFO request method=GET path=/api-docs status=200
2026-04-27 16:05:51,427 INFO request method=GET path=/openapi.json status=200
2026-04-27 16:05:51,428 INFO request method=GET path=/safety status=200
2026-04-27 16:05:51,428 INFO request method=GET path=/safety.json status=200
2026-04-27 16:05:51,429 INFO request method=GET path=/report status=200
2026-04-27 16:05:51,430 INFO request method=GET path=/health status=200
2026-04-27 16:05:51,436 INFO request method=GET path=/storage status=200
2026-04-27 16:05:51,442 INFO request method=GET path=/review/storage status=200
2026-04-27 16:05:51,450 INFO request method=GET path=/words/analyze status=200
2026-04-27 16:05:51,450 INFO request method=GET path=/names/analyze status=200
2026-04-27 16:05:51,451 INFO detect language=fr confidence=0.99 source=rule reliability=high text_length=7
2026-04-27 16:05:51,451 INFO request method=POST path=/detect status=200
2026-04-27 16:05:51,452 INFO request method=POST path=/analyze status=200
2026-04-27 16:06:07,322 INFO request method=POST path=/admin/login status=302
2026-04-27 16:06:07,323 INFO request method=GET path=/detect status=200
2026-04-27 16:06:07,346 INFO request method=GET path=/admin status=200
2026-04-27 16:06:07,368 INFO request method=GET path=/admin.json status=200
2026-04-27 16:06:07,412 INFO request method=GET path=/quality status=200
2026-04-27 16:06:07,455 INFO request method=GET path=/quality.json status=200
2026-04-27 16:06:07,458 INFO request method=GET path=/benchmark status=200
2026-04-27 16:06:07,461 INFO request method=GET path=/benchmark.json status=200
2026-04-27 16:06:07,465 INFO request method=GET path=/characters status=200
2026-04-27 16:06:07,466 INFO request method=GET path=/characters.json status=200
2026-04-27 16:06:07,509 INFO request method=GET path=/model-card status=200
2026-04-27 16:06:07,552 INFO request method=GET path=/model-card.json status=200
2026-04-27 16:06:07,561 INFO request method=GET path=/logs status=200
2026-04-27 16:06:07,572 INFO request method=GET path=/logs.json status=200
2026-04-27 16:06:07,579 INFO request method=GET path=/runs status=200
2026-04-27 16:06:07,587 INFO request method=GET path=/runs.json status=200
2026-04-27 16:06:07,587 INFO request method=GET path=/learn status=200
2026-04-27 16:06:07,595 INFO request method=GET path=/learn/items status=200
2026-04-27 16:06:07,596 INFO request method=GET path=/review status=200
2026-04-27 16:06:07,596 INFO request method=GET path=/corpus status=200
2026-04-27 16:06:07,611 INFO request method=GET path=/corpus/files status=200
2026-04-27 16:06:07,621 INFO request method=GET path=/frequency status=200
2026-04-27 16:06:07,633 INFO request method=GET path=/frequency/files status=200
2026-04-27 16:06:07,633 INFO request method=GET path=/lexicon status=200
2026-04-27 16:06:07,643 INFO request method=GET path=/lexicon/entries status=200
2026-04-27 16:06:07,644 INFO request method=GET path=/names status=200
2026-04-27 16:06:07,645 INFO request method=GET path=/api-docs status=200
2026-04-27 16:06:07,645 INFO request method=GET path=/openapi.json status=200
2026-04-27 16:06:07,646 INFO request method=GET path=/safety status=200
2026-04-27 16:06:07,646 INFO request method=GET path=/safety.json status=200
2026-04-27 16:06:07,647 INFO request method=GET path=/report status=200
2026-04-27 16:06:07,648 INFO request method=GET path=/health status=200
2026-04-27 16:06:07,654 INFO request method=GET path=/storage status=200
2026-04-27 16:06:07,660 INFO request method=GET path=/review/storage status=200
2026-04-27 16:06:07,668 INFO request method=GET path=/words/analyze status=200
2026-04-27 16:06:07,669 INFO request method=GET path=/names/analyze status=200
2026-04-27 16:06:07,669 INFO detect language=fr confidence=0.99 source=rule reliability=high text_length=7
2026-04-27 16:06:07,669 INFO request method=POST path=/detect status=200
2026-04-27 16:06:07,670 INFO request method=POST path=/analyze status=200
2026-04-27 16:06:49,846 INFO request method=GET path=/admin status=302
2026-04-27 16:06:49,847 INFO request method=GET path=/quality.json status=401
2026-04-27 16:06:49,848 INFO request method=POST path=/admin/login status=302
2026-04-27 16:06:49,907 INFO request method=GET path=/admin status=200
2026-04-27 16:06:49,985 INFO request method=GET path=/quality.json status=200
2026-04-27 16:06:49,989 INFO request method=GET path=/benchmark.json status=200
2026-04-27 16:10:41,719 INFO request method=POST path=/admin/login status=302
2026-04-27 16:10:41,723 INFO request method=GET path=/detect status=200
2026-04-27 16:10:41,765 INFO request method=GET path=/admin status=200
2026-04-27 16:10:41,789 INFO request method=GET path=/admin.json status=200
2026-04-27 16:10:41,837 INFO request method=GET path=/quality status=200
2026-04-27 16:10:41,882 INFO request method=GET path=/quality.json status=200
2026-04-27 16:10:41,886 INFO request method=GET path=/benchmark status=200
2026-04-27 16:10:41,889 INFO request method=GET path=/benchmark.json status=200
2026-04-27 16:10:41,891 INFO request method=GET path=/characters status=200
2026-04-27 16:10:41,893 INFO request method=GET path=/characters.json status=200
2026-04-27 16:10:41,936 INFO request method=GET path=/model-card status=200
2026-04-27 16:10:41,979 INFO request method=GET path=/model-card.json status=200
2026-04-27 16:10:41,991 INFO request method=GET path=/logs status=200
2026-04-27 16:10:42,004 INFO request method=GET path=/logs.json status=200
2026-04-27 16:10:42,012 INFO request method=GET path=/runs status=200
2026-04-27 16:10:42,021 INFO request method=GET path=/runs.json status=200
2026-04-27 16:10:42,022 INFO request method=GET path=/learn status=200
2026-04-27 16:10:42,031 INFO request method=GET path=/learn/items status=200
2026-04-27 16:10:42,032 INFO request method=GET path=/review status=200
2026-04-27 16:10:42,032 INFO request method=GET path=/corpus status=200
2026-04-27 16:10:42,048 INFO request method=GET path=/corpus/files status=200
2026-04-27 16:10:42,058 INFO request method=GET path=/frequency status=200
2026-04-27 16:10:42,067 INFO request method=GET path=/frequency/files status=200
2026-04-27 16:10:42,068 INFO request method=GET path=/lexicon status=200
2026-04-27 16:10:42,079 INFO request method=GET path=/lexicon/entries status=200
2026-04-27 16:10:42,080 INFO request method=GET path=/names status=200
2026-04-27 16:10:42,080 INFO request method=GET path=/api-docs status=200
2026-04-27 16:10:42,082 INFO request method=GET path=/openapi.json status=200
2026-04-27 16:10:42,082 INFO request method=GET path=/safety status=200
2026-04-27 16:10:42,083 INFO request method=GET path=/safety.json status=200
2026-04-27 16:10:42,085 INFO request method=GET path=/report status=200
2026-04-27 16:10:42,085 INFO request method=GET path=/health status=200
2026-04-27 16:10:42,092 INFO request method=GET path=/storage status=200
2026-04-27 16:10:42,098 INFO request method=GET path=/review/storage status=200
2026-04-27 16:10:42,105 INFO request method=GET path=/words/analyze status=200
2026-04-27 16:10:42,107 INFO request method=GET path=/names/analyze status=200
2026-04-27 16:10:42,108 INFO detect language=fr confidence=0.99 source=rule reliability=high text_length=7
2026-04-27 16:10:42,109 INFO request method=POST path=/detect status=200
2026-04-27 16:10:42,109 INFO request method=POST path=/analyze status=200
2026-04-27 16:11:26,203 INFO request method=POST path=/admin/login status=302
2026-04-27 16:11:26,206 INFO request method=GET path=/detect status=200
2026-04-27 16:11:26,241 INFO request method=GET path=/admin status=200
2026-04-27 16:11:26,266 INFO request method=GET path=/admin.json status=200
2026-04-27 16:11:26,313 INFO request method=GET path=/quality status=200
2026-04-27 16:11:26,356 INFO request method=GET path=/quality.json status=200
2026-04-27 16:11:26,360 INFO request method=GET path=/benchmark status=200
2026-04-27 16:11:26,365 INFO request method=GET path=/benchmark.json status=200
2026-04-27 16:11:26,367 INFO request method=GET path=/characters status=200
2026-04-27 16:11:26,371 INFO request method=GET path=/characters.json status=200
2026-04-27 16:11:26,413 INFO request method=GET path=/model-card status=200
2026-04-27 16:11:26,455 INFO request method=GET path=/model-card.json status=200
2026-04-27 16:11:26,466 INFO request method=GET path=/logs status=200
2026-04-27 16:11:26,475 INFO request method=GET path=/logs.json status=200
2026-04-27 16:11:26,482 INFO request method=GET path=/runs status=200
2026-04-27 16:11:26,489 INFO request method=GET path=/runs.json status=200
2026-04-27 16:11:26,490 INFO request method=GET path=/learn status=200
2026-04-27 16:11:26,497 INFO request method=GET path=/learn/items status=200
2026-04-27 16:11:26,498 INFO request method=GET path=/review status=200
2026-04-27 16:11:26,498 INFO request method=GET path=/corpus status=200
2026-04-27 16:11:26,514 INFO request method=GET path=/corpus/files status=200
2026-04-27 16:11:26,523 INFO request method=GET path=/frequency status=200
2026-04-27 16:11:26,534 INFO request method=GET path=/frequency/files status=200
2026-04-27 16:11:26,535 INFO request method=GET path=/lexicon status=200
2026-04-27 16:11:26,545 INFO request method=GET path=/lexicon/entries status=200
2026-04-27 16:11:26,547 INFO request method=GET path=/names status=200
2026-04-27 16:11:26,547 INFO request method=GET path=/api-docs status=200
2026-04-27 16:11:26,548 INFO request method=GET path=/openapi.json status=200
2026-04-27 16:11:26,549 INFO request method=GET path=/safety status=200
2026-04-27 16:11:26,549 INFO request method=GET path=/safety.json status=200
2026-04-27 16:11:26,551 INFO request method=GET path=/report status=200
2026-04-27 16:11:26,551 INFO request method=GET path=/health status=200
2026-04-27 16:11:26,558 INFO request method=GET path=/storage status=200
2026-04-27 16:11:26,565 INFO request method=GET path=/review/storage status=200
2026-04-27 16:11:26,572 INFO request method=GET path=/words/analyze status=200
2026-04-27 16:11:26,574 INFO request method=GET path=/names/analyze status=200
2026-04-27 16:11:26,574 INFO detect language=fr confidence=0.99 source=rule reliability=high text_length=7
2026-04-27 16:11:26,575 INFO request method=POST path=/detect status=200
2026-04-27 16:11:26,576 INFO request method=POST path=/analyze status=200
2026-04-27 16:24:16,609 INFO request method=POST path=/admin/login status=302
2026-04-27 16:24:16,610 INFO request method=GET path=/detect status=200
2026-04-27 16:24:16,633 INFO request method=GET path=/admin status=200
2026-04-27 16:24:16,656 INFO request method=GET path=/admin.json status=200
2026-04-27 16:24:16,700 INFO request method=GET path=/quality status=200
2026-04-27 16:24:16,742 INFO request method=GET path=/quality.json status=200
2026-04-27 16:24:16,746 INFO request method=GET path=/benchmark status=200
2026-04-27 16:24:16,750 INFO request method=GET path=/benchmark.json status=200
2026-04-27 16:24:16,752 INFO request method=GET path=/characters status=200
2026-04-27 16:24:16,754 INFO request method=GET path=/characters.json status=200
2026-04-27 16:24:16,797 INFO request method=GET path=/model-card status=200
2026-04-27 16:24:16,838 INFO request method=GET path=/model-card.json status=200
2026-04-27 16:24:16,849 INFO request method=GET path=/logs status=200
2026-04-27 16:24:16,859 INFO request method=GET path=/logs.json status=200
2026-04-27 16:24:16,866 INFO request method=GET path=/runs status=200
2026-04-27 16:24:16,872 INFO request method=GET path=/runs.json status=200
2026-04-27 16:24:16,873 INFO request method=GET path=/learn status=200
2026-04-27 16:24:16,879 INFO request method=GET path=/learn/items status=200
2026-04-27 16:24:16,880 INFO request method=GET path=/review status=200
2026-04-27 16:24:16,881 INFO request method=GET path=/corpus status=200
2026-04-27 16:24:16,896 INFO request method=GET path=/corpus/files status=200
2026-04-27 16:24:16,906 INFO request method=GET path=/frequency status=200
2026-04-27 16:24:16,915 INFO request method=GET path=/frequency/files status=200
2026-04-27 16:24:16,916 INFO request method=GET path=/lexicon status=200
2026-04-27 16:24:16,926 INFO request method=GET path=/lexicon/entries status=200
2026-04-27 16:24:16,927 INFO request method=GET path=/names status=200
2026-04-27 16:24:16,928 INFO request method=GET path=/api-docs status=200
2026-04-27 16:24:16,929 INFO request method=GET path=/openapi.json status=200
2026-04-27 16:24:16,930 INFO request method=GET path=/safety status=200
2026-04-27 16:24:16,930 INFO request method=GET path=/safety.json status=200
2026-04-27 16:24:16,932 INFO request method=GET path=/report status=200
2026-04-27 16:24:16,932 INFO request method=GET path=/health status=200
2026-04-27 16:24:16,939 INFO request method=GET path=/storage status=200
2026-04-27 16:24:16,945 INFO request method=GET path=/review/storage status=200
2026-04-27 16:24:16,953 INFO request method=GET path=/words/analyze status=200
2026-04-27 16:24:16,954 INFO request method=GET path=/names/analyze status=200
2026-04-27 16:24:16,955 INFO detect language=fr confidence=0.99 source=rule reliability=high text_length=7
2026-04-27 16:24:16,955 INFO request method=POST path=/detect status=200
2026-04-27 16:24:16,956 INFO request method=POST path=/analyze status=200
2026-04-27 16:47:19,104 INFO request method=POST path=/admin/login status=302
2026-04-27 16:47:19,106 INFO request method=GET path=/detect status=200
2026-04-27 16:47:19,204 INFO request method=GET path=/admin status=200
2026-04-27 16:47:19,281 INFO request method=GET path=/admin.json status=200
2026-04-27 16:47:21,121 INFO request method=GET path=/quality status=200
2026-04-27 16:47:22,776 INFO request method=GET path=/quality.json status=200
2026-04-27 16:47:23,808 INFO request method=GET path=/benchmark status=200
2026-04-27 16:47:24,825 INFO request method=GET path=/benchmark.json status=200
2026-04-27 16:47:24,828 INFO request method=GET path=/characters status=200
2026-04-27 16:47:24,831 INFO request method=GET path=/characters.json status=200
2026-04-27 16:47:26,458 INFO request method=GET path=/model-card status=200
2026-04-27 16:47:28,116 INFO request method=GET path=/model-card.json status=200
2026-04-27 16:47:28,131 INFO request method=GET path=/logs status=200
2026-04-27 16:47:28,141 INFO request method=GET path=/logs.json status=200
2026-04-27 16:47:28,170 INFO request method=GET path=/runs status=200
2026-04-27 16:47:28,177 INFO request method=GET path=/runs.json status=200
2026-04-27 16:47:28,178 INFO request method=GET path=/learn status=200
2026-04-27 16:47:28,185 INFO request method=GET path=/learn/items status=200
2026-04-27 16:47:28,187 INFO request method=GET path=/review status=200
2026-04-27 16:47:28,187 INFO request method=GET path=/corpus status=200
2026-04-27 16:47:28,249 INFO request method=GET path=/corpus/files status=200
2026-04-27 16:47:28,373 INFO request method=GET path=/frequency status=200
2026-04-27 16:47:28,471 INFO request method=GET path=/frequency/files status=200
2026-04-27 16:47:28,472 INFO request method=GET path=/lexicon status=200
2026-04-27 16:47:28,917 INFO request method=GET path=/lexicon/entries status=200
2026-04-27 16:47:28,918 INFO request method=GET path=/names status=200
2026-04-27 16:47:28,919 INFO request method=GET path=/api-docs status=200
2026-04-27 16:47:28,920 INFO request method=GET path=/openapi.json status=200
2026-04-27 16:47:28,920 INFO request method=GET path=/safety status=200
2026-04-27 16:47:28,921 INFO request method=GET path=/safety.json status=200
2026-04-27 16:47:28,922 INFO request method=GET path=/report status=200
2026-04-27 16:47:28,923 INFO request method=GET path=/health status=200
2026-04-27 16:47:28,943 INFO request method=GET path=/storage status=200
2026-04-27 16:47:28,956 INFO request method=GET path=/review/storage status=200
2026-04-27 16:47:29,038 INFO request method=GET path=/words/analyze status=200
2026-04-27 16:47:29,039 INFO request method=GET path=/names/analyze status=200
2026-04-27 16:47:29,040 INFO detect language=fr confidence=0.99 source=rule reliability=high text_length=7
2026-04-27 16:47:29,040 INFO request method=POST path=/detect status=200
2026-04-27 16:47:29,041 INFO request method=POST path=/analyze status=200
2026-04-27 16:51:03,856 INFO request method=POST path=/admin/login status=302
2026-04-27 16:51:03,857 INFO request method=GET path=/detect status=200
2026-04-27 16:51:03,971 INFO request method=GET path=/admin status=200
2026-04-27 16:51:04,082 INFO request method=GET path=/admin.json status=200
2026-04-27 16:51:06,149 INFO request method=GET path=/quality status=200
2026-04-27 16:51:08,305 INFO request method=GET path=/quality.json status=200
2026-04-27 16:51:09,328 INFO request method=GET path=/benchmark status=200
2026-04-27 16:51:10,303 INFO request method=GET path=/benchmark.json status=200
2026-04-27 16:51:10,306 INFO request method=GET path=/characters status=200
2026-04-27 16:51:10,309 INFO request method=GET path=/characters.json status=200
2026-04-27 16:51:12,477 INFO request method=GET path=/model-card status=200
2026-04-27 16:51:14,592 INFO request method=GET path=/model-card.json status=200
2026-04-27 16:51:14,608 INFO request method=GET path=/logs status=200
2026-04-27 16:51:14,621 INFO request method=GET path=/logs.json status=200
2026-04-27 16:51:14,631 INFO request method=GET path=/runs status=200
2026-04-27 16:51:14,638 INFO request method=GET path=/runs.json status=200
2026-04-27 16:51:14,639 INFO request method=GET path=/learn status=200
2026-04-27 16:51:14,646 INFO request method=GET path=/learn/items status=200
2026-04-27 16:51:14,648 INFO request method=GET path=/review status=200
2026-04-27 16:51:14,648 INFO request method=GET path=/corpus status=200
2026-04-27 16:51:14,710 INFO request method=GET path=/corpus/files status=200
2026-04-27 16:51:14,836 INFO request method=GET path=/frequency status=200
2026-04-27 16:51:14,935 INFO request method=GET path=/frequency/files status=200
2026-04-27 16:51:14,936 INFO request method=GET path=/lexicon status=200
2026-04-27 16:51:15,888 INFO request method=GET path=/lexicon/entries status=200
2026-04-27 16:51:15,892 INFO request method=GET path=/names status=200
2026-04-27 16:51:15,893 INFO request method=GET path=/api-docs status=200
2026-04-27 16:51:15,893 INFO request method=GET path=/openapi.json status=200
2026-04-27 16:51:15,894 INFO request method=GET path=/safety status=200
2026-04-27 16:51:15,894 INFO request method=GET path=/safety.json status=200
2026-04-27 16:51:15,896 INFO request method=GET path=/report status=200
2026-04-27 16:51:15,897 INFO request method=GET path=/health status=200
2026-04-27 16:51:15,930 INFO request method=GET path=/storage status=200
2026-04-27 16:51:15,951 INFO request method=GET path=/review/storage status=200
2026-04-27 16:51:16,104 INFO request method=GET path=/words/analyze status=200
2026-04-27 16:51:16,106 INFO request method=GET path=/names/analyze status=200
2026-04-27 16:51:16,106 INFO detect language=fr confidence=0.99 source=rule reliability=high text_length=7
2026-04-27 16:51:16,106 INFO request method=POST path=/detect status=200
2026-04-27 16:51:16,108 INFO request method=POST path=/analyze status=200
2026-04-27 16:52:14,572 INFO request method=POST path=/admin/login status=302
2026-04-27 16:52:14,573 INFO request method=GET path=/detect status=200
2026-04-27 16:52:14,681 INFO request method=GET path=/admin status=200
2026-04-27 16:52:14,798 INFO request method=GET path=/admin.json status=200
2026-04-27 16:52:17,016 INFO request method=GET path=/quality status=200
2026-04-27 16:52:19,372 INFO request method=GET path=/quality.json status=200
2026-04-27 16:52:20,410 INFO request method=GET path=/benchmark status=200
2026-04-27 16:52:21,397 INFO request method=GET path=/benchmark.json status=200
2026-04-27 16:52:21,400 INFO request method=GET path=/characters status=200
2026-04-27 16:52:21,402 INFO request method=GET path=/characters.json status=200
2026-04-27 16:52:23,557 INFO request method=GET path=/model-card status=200
2026-04-27 16:52:25,639 INFO request method=GET path=/model-card.json status=200
2026-04-27 16:52:25,652 INFO request method=GET path=/logs status=200
2026-04-27 16:52:25,663 INFO request method=GET path=/logs.json status=200
2026-04-27 16:52:25,674 INFO request method=GET path=/runs status=200
2026-04-27 16:52:25,681 INFO request method=GET path=/runs.json status=200
2026-04-27 16:52:25,682 INFO request method=GET path=/learn status=200
2026-04-27 16:52:25,689 INFO request method=GET path=/learn/items status=200
2026-04-27 16:52:25,690 INFO request method=GET path=/review status=200
2026-04-27 16:52:25,691 INFO request method=GET path=/corpus status=200
2026-04-27 16:52:25,752 INFO request method=GET path=/corpus/files status=200
2026-04-27 16:52:25,880 INFO request method=GET path=/frequency status=200
2026-04-27 16:52:25,977 INFO request method=GET path=/frequency/files status=200
2026-04-27 16:52:25,977 INFO request method=GET path=/lexicon status=200
2026-04-27 16:52:26,971 INFO request method=GET path=/lexicon/entries status=200
2026-04-27 16:52:26,972 INFO request method=GET path=/names status=200
2026-04-27 16:52:26,973 INFO request method=GET path=/api-docs status=200
2026-04-27 16:52:26,974 INFO request method=GET path=/openapi.json status=200
2026-04-27 16:52:26,975 INFO request method=GET path=/safety status=200
2026-04-27 16:52:26,976 INFO request method=GET path=/safety.json status=200
2026-04-27 16:52:26,978 INFO request method=GET path=/report status=200
2026-04-27 16:52:26,978 INFO request method=GET path=/health status=200
2026-04-27 16:52:27,021 INFO request method=GET path=/storage status=200
2026-04-27 16:52:27,041 INFO request method=GET path=/review/storage status=200
2026-04-27 16:52:27,203 INFO request method=GET path=/words/analyze status=200
2026-04-27 16:52:27,205 INFO request method=GET path=/names/analyze status=200
2026-04-27 16:52:27,206 INFO detect language=fr confidence=0.99 source=rule reliability=high text_length=7
2026-04-27 16:52:27,206 INFO request method=POST path=/detect status=200
2026-04-27 16:52:27,207 INFO request method=POST path=/analyze status=200
2026-04-27 16:55:48,844 INFO request method=POST path=/admin/login status=302
2026-04-27 16:55:48,845 INFO request method=GET path=/detect status=200
2026-04-27 16:55:48,970 INFO request method=GET path=/admin status=200
2026-04-27 16:55:49,060 INFO request method=GET path=/admin.json status=200
2026-04-27 16:55:50,803 INFO request method=GET path=/quality status=200
2026-04-27 16:55:52,720 INFO request method=GET path=/quality.json status=200
2026-04-27 16:55:53,775 INFO request method=GET path=/benchmark status=200
2026-04-27 16:55:54,801 INFO request method=GET path=/benchmark.json status=200
2026-04-27 16:55:54,804 INFO request method=GET path=/characters status=200
2026-04-27 16:55:54,807 INFO request method=GET path=/characters.json status=200
2026-04-27 16:55:56,858 INFO request method=GET path=/model-card status=200
2026-04-27 16:55:58,895 INFO request method=GET path=/model-card.json status=200
2026-04-27 16:55:58,906 INFO request method=GET path=/logs status=200
2026-04-27 16:55:58,917 INFO request method=GET path=/logs.json status=200
2026-04-27 16:55:58,925 INFO request method=GET path=/runs status=200
2026-04-27 16:55:58,932 INFO request method=GET path=/runs.json status=200
2026-04-27 16:55:58,933 INFO request method=GET path=/learn status=200
2026-04-27 16:55:58,939 INFO request method=GET path=/learn/items status=200
2026-04-27 16:55:58,940 INFO request method=GET path=/review status=200
2026-04-27 16:55:58,941 INFO request method=GET path=/corpus status=200
2026-04-27 16:55:59,013 INFO request method=GET path=/corpus/files status=200
2026-04-27 16:55:59,133 INFO request method=GET path=/frequency status=200
2026-04-27 16:55:59,233 INFO request method=GET path=/frequency/files status=200
2026-04-27 16:55:59,234 INFO request method=GET path=/lexicon status=200
2026-04-27 16:56:00,167 INFO request method=GET path=/lexicon/entries status=200
2026-04-27 16:56:00,169 INFO request method=GET path=/names status=200
2026-04-27 16:56:00,170 INFO request method=GET path=/api-docs status=200
2026-04-27 16:56:00,170 INFO request method=GET path=/openapi.json status=200
2026-04-27 16:56:00,171 INFO request method=GET path=/safety status=200
2026-04-27 16:56:00,171 INFO request method=GET path=/safety.json status=200
2026-04-27 16:56:00,174 INFO request method=GET path=/report status=200
2026-04-27 16:56:00,175 INFO request method=GET path=/health status=200
2026-04-27 16:56:00,194 INFO request method=GET path=/storage status=200
2026-04-27 16:56:00,212 INFO request method=GET path=/review/storage status=200
2026-04-27 16:56:00,346 INFO request method=GET path=/words/analyze status=200
2026-04-27 16:56:00,348 INFO request method=GET path=/names/analyze status=200
2026-04-27 16:56:00,348 INFO detect language=fr confidence=0.99 source=rule reliability=high text_length=7
2026-04-27 16:56:00,349 INFO request method=POST path=/detect status=200
2026-04-27 16:56:00,349 INFO request method=POST path=/analyze status=200
2026-04-27 21:07:10,359 INFO request method=GET path=/ status=302
2026-04-27 21:07:10,366 INFO request method=GET path=/detect status=200
2026-04-27 21:07:10,576 INFO request method=GET path=/favicon.ico status=302
2026-04-27 21:07:10,582 INFO request method=GET path=/admin/login status=200
2026-04-27 21:07:22,265 INFO request method=GET path=/api-docs status=200
2026-04-27 21:07:22,370 INFO request method=GET path=/favicon.ico status=302
2026-04-27 21:07:22,377 INFO request method=GET path=/admin/login status=200
2026-04-27 21:07:22,648 INFO detect language=cy confidence=0.9463 source=lingua reliability=high text_length=6
2026-04-27 21:07:22,739 INFO request method=POST path=/detect status=200
2026-04-27 21:07:22,775 INFO detect language=cy confidence=0.9463 source=lingua reliability=high text_length=6
2026-04-27 21:07:22,775 INFO request method=POST path=/detect status=200
2026-04-27 21:12:49,396 INFO request method=GET path=/safety status=200
2026-04-27 21:12:49,455 INFO request method=GET path=/favicon.ico status=302
2026-04-27 21:12:49,463 INFO request method=GET path=/admin/login status=200
2026-04-27 21:12:52,550 INFO request method=GET path=/admin status=302
2026-04-27 21:12:52,554 INFO request method=GET path=/admin/login status=200
2026-04-27 21:12:52,610 INFO request method=GET path=/favicon.ico status=302
2026-04-27 21:12:52,617 INFO request method=GET path=/admin/login status=200
2026-04-27 21:12:58,870 INFO request method=POST path=/admin/login status=302
2026-04-27 21:12:59,048 INFO request method=GET path=/admin status=200
2026-04-27 21:12:59,156 INFO request method=GET path=/favicon.ico status=404
2026-04-27 21:13:02,212 INFO request method=GET path=/detect status=200
2026-04-27 21:13:03,286 INFO request method=GET path=/admin status=200
2026-04-27 21:13:04,461 INFO request method=GET path=/admin/logout status=302
2026-04-27 21:13:04,466 INFO request method=GET path=/detect status=200
2026-04-27 21:13:05,615 INFO request method=GET path=/admin status=302
2026-04-27 21:13:05,619 INFO request method=GET path=/admin/login status=200
2026-04-27 21:13:07,622 INFO request method=GET path=/admin status=302
2026-04-27 21:13:07,626 INFO request method=GET path=/admin/login status=200
2026-04-27 21:13:10,915 INFO request method=POST path=/admin/login status=302
2026-04-27 21:13:11,030 INFO request method=GET path=/admin status=200
2026-04-27 21:13:12,982 INFO request method=GET path=/safety status=200
2026-04-27 21:13:14,776 INFO request method=GET path=/api-docs status=200
2026-04-27 21:13:15,443 INFO request method=GET path=/admin status=200
2026-04-27 21:13:20,980 INFO request method=GET path=/model-card status=200
2026-04-27 21:13:21,692 INFO request method=GET path=/quality status=200
2026-04-27 21:13:26,551 INFO request method=GET path=/benchmark status=200
2026-04-27 21:13:27,194 INFO request method=GET path=/runs status=200
2026-04-27 21:13:33,727 INFO request method=GET path=/review status=200
2026-04-27 21:13:33,820 INFO request method=GET path=/review/items status=200
2026-04-27 21:13:37,679 INFO request method=DELETE path=/review/items status=200
2026-04-27 21:13:37,711 INFO request method=GET path=/review/items status=200
2026-04-27 21:13:38,758 INFO request method=GET path=/runs status=200
2026-04-27 21:13:39,436 INFO request method=GET path=/report status=200
2026-04-27 21:13:43,836 INFO request method=GET path=/model-card status=200
2026-04-27 21:14:03,537 INFO request method=GET path=/ status=302
2026-04-27 21:14:03,545 INFO request method=GET path=/detect status=200
2026-04-27 21:18:59,257 INFO request method=POST path=/admin/login status=302
2026-04-27 21:18:59,259 INFO request method=GET path=/detect status=200
2026-04-27 21:18:59,367 INFO request method=GET path=/admin status=200
2026-04-27 21:18:59,483 INFO request method=GET path=/admin.json status=200
2026-04-27 21:18:59,966 INFO request method=GET path=/quality status=500
2026-04-27 21:19:00,377 INFO request method=GET path=/quality.json status=500
2026-04-27 21:19:00,384 INFO request method=GET path=/benchmark status=500
2026-04-27 21:19:00,394 INFO request method=GET path=/benchmark.json status=500
2026-04-27 21:19:00,398 INFO request method=GET path=/characters status=200
2026-04-27 21:19:00,401 INFO request method=GET path=/characters.json status=200
2026-04-27 21:19:00,713 INFO request method=GET path=/model-card status=500
2026-04-27 21:19:01,046 INFO request method=GET path=/model-card.json status=500
2026-04-27 21:19:01,060 INFO request method=GET path=/logs status=200
2026-04-27 21:19:01,073 INFO request method=GET path=/logs.json status=200
2026-04-27 21:19:01,083 INFO request method=GET path=/runs status=200
2026-04-27 21:19:01,091 INFO request method=GET path=/runs.json status=200
2026-04-27 21:19:01,092 INFO request method=GET path=/learn status=200
2026-04-27 21:19:01,099 INFO request method=GET path=/learn/items status=200
2026-04-27 21:19:01,100 INFO request method=GET path=/review status=200
2026-04-27 21:19:01,101 INFO request method=GET path=/corpus status=200
2026-04-27 21:19:01,162 INFO request method=GET path=/corpus/files status=200
2026-04-27 21:19:01,256 INFO request method=GET path=/frequency status=200
2026-04-27 21:19:01,349 INFO request method=GET path=/frequency/files status=200
2026-04-27 21:19:01,350 INFO request method=GET path=/lexicon status=200
2026-04-27 21:19:02,167 INFO request method=GET path=/lexicon/entries status=200
2026-04-27 21:19:02,167 INFO request method=GET path=/names status=200
2026-04-27 21:19:02,172 INFO request method=GET path=/api-docs status=200
2026-04-27 21:19:02,172 INFO request method=GET path=/openapi.json status=200
2026-04-27 21:19:02,173 INFO request method=GET path=/safety status=200
2026-04-27 21:19:02,173 INFO request method=GET path=/safety.json status=200
2026-04-27 21:19:02,173 INFO request method=GET path=/report status=200
2026-04-27 21:19:02,173 INFO request method=GET path=/health status=200
2026-04-27 21:19:02,193 INFO request method=GET path=/storage status=200
2026-04-27 21:19:02,209 INFO request method=GET path=/review/storage status=200
2026-04-27 21:19:02,337 INFO request method=GET path=/words/analyze status=200
2026-04-27 21:19:02,337 INFO request method=GET path=/names/analyze status=200
2026-04-27 21:19:02,339 INFO detect language=fr confidence=0.99 source=rule reliability=high text_length=7
2026-04-27 21:19:02,339 INFO request method=POST path=/detect status=200
2026-04-27 21:19:02,339 INFO request method=POST path=/analyze status=200
2026-04-27 21:19:35,371 INFO request method=POST path=/admin/login status=302
2026-04-27 21:19:35,372 INFO request method=GET path=/detect status=200
2026-04-27 21:19:35,530 INFO request method=GET path=/admin status=200
2026-04-27 21:19:35,689 INFO request method=GET path=/admin.json status=200
2026-04-27 21:19:38,982 INFO request method=GET path=/quality status=200
2026-04-27 21:19:42,458 INFO request method=GET path=/quality.json status=200
2026-04-27 21:19:44,333 INFO request method=GET path=/benchmark status=200
2026-04-27 21:19:45,952 INFO request method=GET path=/benchmark.json status=200
2026-04-27 21:19:45,956 INFO request method=GET path=/characters status=200
2026-04-27 21:19:45,960 INFO request method=GET path=/characters.json status=200
2026-04-27 21:19:48,849 INFO request method=GET path=/model-card status=200
2026-04-27 21:19:51,586 INFO request method=GET path=/model-card.json status=200
2026-04-27 21:19:51,599 INFO request method=GET path=/logs status=200
2026-04-27 21:19:51,610 INFO request method=GET path=/logs.json status=200
2026-04-27 21:19:51,620 INFO request method=GET path=/runs status=200
2026-04-27 21:19:51,628 INFO request method=GET path=/runs.json status=200
2026-04-27 21:19:51,629 INFO request method=GET path=/learn status=200
2026-04-27 21:19:51,637 INFO request method=GET path=/learn/items status=200
2026-04-27 21:19:51,638 INFO request method=GET path=/review status=200
2026-04-27 21:19:51,638 INFO request method=GET path=/corpus status=200
2026-04-27 21:19:51,716 INFO request method=GET path=/corpus/files status=200
2026-04-27 21:19:51,893 INFO request method=GET path=/frequency status=200
2026-04-27 21:19:52,024 INFO request method=GET path=/frequency/files status=200
2026-04-27 21:19:52,024 INFO request method=GET path=/lexicon status=200
2026-04-27 21:19:53,342 INFO request method=GET path=/lexicon/entries status=200
2026-04-27 21:19:53,344 INFO request method=GET path=/names status=200
2026-04-27 21:19:53,345 INFO request method=GET path=/api-docs status=200
2026-04-27 21:19:53,346 INFO request method=GET path=/openapi.json status=200
2026-04-27 21:19:53,347 INFO request method=GET path=/safety status=200
2026-04-27 21:19:53,348 INFO request method=GET path=/safety.json status=200
2026-04-27 21:19:53,352 INFO request method=GET path=/report status=200
2026-04-27 21:19:53,353 INFO request method=GET path=/health status=200
2026-04-27 21:19:53,378 INFO request method=GET path=/storage status=200
2026-04-27 21:19:53,405 INFO request method=GET path=/review/storage status=200
2026-04-27 21:19:53,612 INFO request method=GET path=/words/analyze status=200
2026-04-27 21:19:53,614 INFO request method=GET path=/names/analyze status=200
2026-04-27 21:19:53,614 INFO detect language=fr confidence=0.99 source=rule reliability=high text_length=7
2026-04-27 21:19:53,616 INFO request method=POST path=/detect status=200
2026-04-27 21:19:53,617 INFO request method=POST path=/analyze status=200
2026-04-27 21:20:30,789 INFO request method=POST path=/admin/login status=302
2026-04-27 21:20:30,791 INFO request method=GET path=/detect status=200
2026-04-27 21:20:30,950 INFO request method=GET path=/admin status=200
2026-04-27 21:20:31,120 INFO request method=GET path=/admin.json status=200
2026-04-27 21:20:34,418 INFO request method=GET path=/quality status=200
2026-04-27 21:20:37,624 INFO request method=GET path=/quality.json status=200
2026-04-27 21:20:39,217 INFO request method=GET path=/benchmark status=200
2026-04-27 21:20:40,948 INFO request method=GET path=/benchmark.json status=200
2026-04-27 21:20:40,955 INFO request method=GET path=/characters status=200
2026-04-27 21:20:40,960 INFO request method=GET path=/characters.json status=200
2026-04-27 21:20:44,233 INFO request method=GET path=/model-card status=200
2026-04-27 21:20:47,388 INFO request method=GET path=/model-card.json status=200
2026-04-27 21:20:47,403 INFO request method=GET path=/logs status=200
2026-04-27 21:20:47,417 INFO request method=GET path=/logs.json status=200
2026-04-27 21:20:47,427 INFO request method=GET path=/runs status=200
2026-04-27 21:20:47,436 INFO request method=GET path=/runs.json status=200
2026-04-27 21:20:47,438 INFO request method=GET path=/learn status=200
2026-04-27 21:20:47,446 INFO request method=GET path=/learn/items status=200
2026-04-27 21:20:47,447 INFO request method=GET path=/review status=200
2026-04-27 21:20:47,448 INFO request method=GET path=/corpus status=200
2026-04-27 21:20:47,547 INFO request method=GET path=/corpus/files status=200
2026-04-27 21:20:47,755 INFO request method=GET path=/frequency status=200
2026-04-27 21:20:47,964 INFO request method=GET path=/frequency/files status=200
2026-04-27 21:20:47,966 INFO request method=GET path=/lexicon status=200
2026-04-27 21:20:49,772 INFO request method=GET path=/lexicon/entries status=200
2026-04-27 21:20:49,776 INFO request method=GET path=/names status=200
2026-04-27 21:20:49,777 INFO request method=GET path=/api-docs status=200
2026-04-27 21:20:49,779 INFO request method=GET path=/openapi.json status=200
2026-04-27 21:20:49,779 INFO request method=GET path=/safety status=200
2026-04-27 21:20:49,780 INFO request method=GET path=/safety.json status=200
2026-04-27 21:20:49,796 INFO request method=GET path=/report status=200
2026-04-27 21:20:49,798 INFO request method=GET path=/health status=200
2026-04-27 21:20:49,827 INFO request method=GET path=/storage status=200
2026-04-27 21:20:49,852 INFO request method=GET path=/review/storage status=200
2026-04-27 21:20:50,085 INFO request method=GET path=/words/analyze status=200
2026-04-27 21:20:50,087 INFO request method=GET path=/names/analyze status=200
2026-04-27 21:20:50,088 INFO detect language=fr confidence=0.99 source=rule reliability=high text_length=7
2026-04-27 21:20:50,090 INFO request method=POST path=/detect status=200
2026-04-27 21:20:50,091 INFO request method=POST path=/analyze status=200
2026-04-27 21:21:28,982 INFO request method=POST path=/admin/login status=302
2026-04-27 21:21:28,983 INFO request method=GET path=/detect status=200
2026-04-27 21:21:29,155 INFO request method=GET path=/admin status=200
2026-04-27 21:21:29,322 INFO request method=GET path=/admin.json status=200
2026-04-27 21:21:32,370 INFO request method=GET path=/quality status=200
2026-04-27 21:21:35,765 INFO request method=GET path=/quality.json status=200
2026-04-27 21:21:37,206 INFO request method=GET path=/benchmark status=200
2026-04-27 21:21:38,354 INFO request method=GET path=/benchmark.json status=200
2026-04-27 21:21:38,357 INFO request method=GET path=/characters status=200
2026-04-27 21:21:38,359 INFO request method=GET path=/characters.json status=200
2026-04-27 21:21:40,895 INFO request method=GET path=/model-card status=200
2026-04-27 21:21:43,450 INFO request method=GET path=/model-card.json status=200
2026-04-27 21:21:43,469 INFO request method=GET path=/logs status=200
2026-04-27 21:21:43,486 INFO request method=GET path=/logs.json status=200
2026-04-27 21:21:43,511 INFO request method=GET path=/runs status=200
2026-04-27 21:21:43,522 INFO request method=GET path=/runs.json status=200
2026-04-27 21:21:43,524 INFO request method=GET path=/learn status=200
2026-04-27 21:21:43,534 INFO request method=GET path=/learn/items status=200
2026-04-27 21:21:43,537 INFO request method=GET path=/review status=200
2026-04-27 21:21:43,539 INFO request method=GET path=/corpus status=200
2026-04-27 21:21:43,631 INFO request method=GET path=/corpus/files status=200
2026-04-27 21:21:43,863 INFO request method=GET path=/frequency status=200
2026-04-27 21:21:44,063 INFO request method=GET path=/frequency/files status=200
2026-04-27 21:21:44,064 INFO request method=GET path=/lexicon status=200
2026-04-27 21:21:45,669 INFO request method=GET path=/lexicon/entries status=200
2026-04-27 21:21:45,672 INFO request method=GET path=/names status=200
2026-04-27 21:21:45,673 INFO request method=GET path=/api-docs status=200
2026-04-27 21:21:45,674 INFO request method=GET path=/openapi.json status=200
2026-04-27 21:21:45,675 INFO request method=GET path=/safety status=200
2026-04-27 21:21:45,677 INFO request method=GET path=/safety.json status=200
2026-04-27 21:21:45,681 INFO request method=GET path=/report status=200
2026-04-27 21:21:45,683 INFO request method=GET path=/health status=200
2026-04-27 21:21:45,713 INFO request method=GET path=/storage status=200
2026-04-27 21:21:45,739 INFO request method=GET path=/review/storage status=200
2026-04-27 21:21:45,938 INFO request method=GET path=/words/analyze status=200
2026-04-27 21:21:45,939 INFO request method=GET path=/names/analyze status=200
2026-04-27 21:21:45,940 INFO detect language=fr confidence=0.99 source=rule reliability=high text_length=7
2026-04-27 21:21:45,940 INFO request method=POST path=/detect status=200
2026-04-27 21:21:45,941 INFO request method=POST path=/analyze status=200
2026-04-27 21:28:05,521 INFO request method=POST path=/admin/login status=302
2026-04-27 21:28:05,522 INFO request method=GET path=/detect status=200
2026-04-27 21:28:05,615 INFO request method=GET path=/admin status=200
2026-04-27 21:28:05,707 INFO request method=GET path=/admin.json status=200
2026-04-27 21:28:07,657 INFO request method=GET path=/quality status=200
2026-04-27 21:28:09,668 INFO request method=GET path=/quality.json status=200
2026-04-27 21:28:10,608 INFO request method=GET path=/benchmark status=200
2026-04-27 21:28:11,526 INFO request method=GET path=/benchmark.json status=200
2026-04-27 21:28:11,529 INFO request method=GET path=/characters status=200
2026-04-27 21:28:11,531 INFO request method=GET path=/characters.json status=200
2026-04-27 21:28:13,629 INFO request method=GET path=/model-card status=200
2026-04-27 21:28:15,521 INFO request method=GET path=/model-card.json status=200
2026-04-27 21:28:15,533 INFO request method=GET path=/logs status=200
2026-04-27 21:28:15,543 INFO request method=GET path=/logs.json status=200
2026-04-27 21:28:15,552 INFO request method=GET path=/runs status=200
2026-04-27 21:28:15,558 INFO request method=GET path=/runs.json status=200
2026-04-27 21:28:15,560 INFO request method=GET path=/learn status=200
2026-04-27 21:28:15,566 INFO request method=GET path=/learn/items status=200
2026-04-27 21:28:15,567 INFO request method=GET path=/review status=200
2026-04-27 21:28:15,568 INFO request method=GET path=/corpus status=200
2026-04-27 21:28:15,626 INFO request method=GET path=/corpus/files status=200
2026-04-27 21:28:15,730 INFO request method=GET path=/frequency status=200
2026-04-27 21:28:15,807 INFO request method=GET path=/frequency/files status=200
2026-04-27 21:28:15,807 INFO request method=GET path=/lexicon status=200
2026-04-27 21:28:16,609 INFO request method=GET path=/lexicon/entries status=200
2026-04-27 21:28:16,610 INFO request method=GET path=/names status=200
2026-04-27 21:28:16,611 INFO request method=GET path=/api-docs status=200
2026-04-27 21:28:16,612 INFO request method=GET path=/openapi.json status=200
2026-04-27 21:28:16,612 INFO request method=GET path=/safety status=200
2026-04-27 21:28:16,613 INFO request method=GET path=/safety.json status=200
2026-04-27 21:28:16,616 INFO request method=GET path=/report status=200
2026-04-27 21:28:16,616 INFO request method=GET path=/health status=200
2026-04-27 21:28:16,677 INFO request method=GET path=/storage status=200
2026-04-27 21:28:16,694 INFO request method=GET path=/review/storage status=200
2026-04-27 21:28:16,821 INFO request method=GET path=/words/analyze status=200
2026-04-27 21:28:16,822 INFO request method=GET path=/names/analyze status=200
2026-04-27 21:28:16,823 INFO detect language=fr confidence=0.99 source=rule reliability=high text_length=7
2026-04-27 21:28:16,823 INFO request method=POST path=/detect status=200
2026-04-27 21:28:16,824 INFO request method=POST path=/analyze status=200
2026-04-27 21:30:47,333 INFO request method=POST path=/admin/login status=302
2026-04-27 21:30:47,333 INFO request method=GET path=/detect status=200
2026-04-27 21:30:47,432 INFO request method=GET path=/admin status=200
2026-04-27 21:30:47,538 INFO request method=GET path=/admin.json status=200
2026-04-27 21:30:50,061 INFO request method=GET path=/quality status=200
2026-04-27 21:30:52,569 INFO request method=GET path=/quality.json status=200
2026-04-27 21:30:54,096 INFO request method=GET path=/benchmark status=200
2026-04-27 21:30:55,595 INFO request method=GET path=/benchmark.json status=200
2026-04-27 21:30:55,599 INFO request method=GET path=/characters status=200
2026-04-27 21:30:55,600 INFO request method=GET path=/characters.json status=200
2026-04-27 21:30:58,106 INFO request method=GET path=/model-card status=200
2026-04-27 21:31:00,553 INFO request method=GET path=/model-card.json status=200
2026-04-27 21:31:00,566 INFO request method=GET path=/logs status=200
2026-04-27 21:31:00,577 INFO request method=GET path=/logs.json status=200
2026-04-27 21:31:00,586 INFO request method=GET path=/runs status=200
2026-04-27 21:31:00,593 INFO request method=GET path=/runs.json status=200
2026-04-27 21:31:00,593 INFO request method=GET path=/learn status=200
2026-04-27 21:31:00,599 INFO request method=GET path=/learn/items status=200
2026-04-27 21:31:00,601 INFO request method=GET path=/review status=200
2026-04-27 21:31:00,601 INFO request method=GET path=/corpus status=200
2026-04-27 21:31:00,661 INFO request method=GET path=/corpus/files status=200
2026-04-27 21:31:00,769 INFO request method=GET path=/frequency status=200
2026-04-27 21:31:00,852 INFO request method=GET path=/frequency/files status=200
2026-04-27 21:31:00,853 INFO request method=GET path=/lexicon status=200
2026-04-27 21:31:01,696 INFO request method=GET path=/lexicon/entries status=200
2026-04-27 21:31:01,697 INFO request method=GET path=/names status=200
2026-04-27 21:31:01,698 INFO request method=GET path=/api-docs status=200
2026-04-27 21:31:01,699 INFO request method=GET path=/openapi.json status=200
2026-04-27 21:31:01,699 INFO request method=GET path=/safety status=200
2026-04-27 21:31:01,700 INFO request method=GET path=/safety.json status=200
2026-04-27 21:31:01,703 INFO request method=GET path=/report status=200
2026-04-27 21:31:01,704 INFO request method=GET path=/health status=200
2026-04-27 21:31:01,747 INFO request method=GET path=/storage status=200
2026-04-27 21:31:01,763 INFO request method=GET path=/review/storage status=200
2026-04-27 21:31:01,893 INFO request method=GET path=/words/analyze status=200
2026-04-27 21:31:01,894 INFO request method=GET path=/names/analyze status=200
2026-04-27 21:31:01,895 INFO detect language=fr confidence=0.99 source=rule reliability=high text_length=7
2026-04-27 21:31:01,895 INFO request method=POST path=/detect status=200
2026-04-27 21:31:01,896 INFO request method=POST path=/analyze status=200
2026-04-27 21:32:34,138 INFO request method=POST path=/admin/login status=302
2026-04-27 21:32:34,140 INFO request method=GET path=/detect status=200
2026-04-27 21:32:34,247 INFO request method=GET path=/admin status=200
2026-04-27 21:32:34,342 INFO request method=GET path=/admin.json status=200
2026-04-27 21:32:36,782 INFO request method=GET path=/quality status=200
2026-04-27 21:32:39,333 INFO request method=GET path=/quality.json status=200
2026-04-27 21:32:40,840 INFO request method=GET path=/benchmark status=200
2026-04-27 21:32:42,332 INFO request method=GET path=/benchmark.json status=200
2026-04-27 21:32:42,332 INFO request method=GET path=/characters status=200
2026-04-27 21:32:42,338 INFO request method=GET path=/characters.json status=200
2026-04-27 21:32:44,833 INFO request method=GET path=/model-card status=200
2026-04-27 21:32:47,310 INFO request method=GET path=/model-card.json status=200
2026-04-27 21:32:47,329 INFO request method=GET path=/logs status=200
2026-04-27 21:32:47,339 INFO request method=GET path=/logs.json status=200
2026-04-27 21:32:47,346 INFO request method=GET path=/runs status=200
2026-04-27 21:32:47,354 INFO request method=GET path=/runs.json status=200
2026-04-27 21:32:47,354 INFO request method=GET path=/learn status=200
2026-04-27 21:32:47,357 INFO request method=GET path=/learn/items status=200
2026-04-27 21:32:47,362 INFO request method=GET path=/review status=200
2026-04-27 21:32:47,363 INFO request method=GET path=/corpus status=200
2026-04-27 21:32:47,423 INFO request method=GET path=/corpus/files status=200
2026-04-27 21:32:47,526 INFO request method=GET path=/frequency status=200
2026-04-27 21:32:47,611 INFO request method=GET path=/frequency/files status=200
2026-04-27 21:32:47,612 INFO request method=GET path=/lexicon status=200
2026-04-27 21:32:48,495 INFO request method=GET path=/lexicon/entries status=200
2026-04-27 21:32:48,496 INFO request method=GET path=/names status=200
2026-04-27 21:32:48,497 INFO request method=GET path=/api-docs status=200
2026-04-27 21:32:48,498 INFO request method=GET path=/openapi.json status=200
2026-04-27 21:32:48,499 INFO request method=GET path=/safety status=200
2026-04-27 21:32:48,499 INFO request method=GET path=/safety.json status=200
2026-04-27 21:32:48,503 INFO request method=GET path=/report status=200
2026-04-27 21:32:48,504 INFO request method=GET path=/health status=200
2026-04-27 21:32:48,523 INFO request method=GET path=/storage status=200
2026-04-27 21:32:48,540 INFO request method=GET path=/review/storage status=200
2026-04-27 21:32:48,671 INFO request method=GET path=/words/analyze status=200
2026-04-27 21:32:48,673 INFO request method=GET path=/names/analyze status=200
2026-04-27 21:32:48,674 INFO detect language=fr confidence=0.99 source=rule reliability=high text_length=7
2026-04-27 21:32:48,674 INFO request method=POST path=/detect status=200
2026-04-27 21:32:48,675 INFO request method=POST path=/analyze status=200
2026-04-27 21:34:59,357 INFO request method=POST path=/admin/login status=302
2026-04-27 21:34:59,358 INFO request method=GET path=/detect status=200
2026-04-27 21:34:59,462 INFO request method=GET path=/admin status=200
2026-04-27 21:34:59,557 INFO request method=GET path=/admin.json status=200
2026-04-27 21:35:01,960 INFO request method=GET path=/quality status=200
2026-04-27 21:35:04,423 INFO request method=GET path=/quality.json status=200
2026-04-27 21:35:05,959 INFO request method=GET path=/benchmark status=200
2026-04-27 21:35:07,588 INFO request method=GET path=/benchmark.json status=200
2026-04-27 21:35:07,590 INFO request method=GET path=/characters status=200
2026-04-27 21:35:07,593 INFO request method=GET path=/characters.json status=200
2026-04-27 21:35:10,060 INFO request method=GET path=/model-card status=200
2026-04-27 21:35:12,503 INFO request method=GET path=/model-card.json status=200
2026-04-27 21:35:12,514 INFO request method=GET path=/logs status=200
2026-04-27 21:35:12,522 INFO request method=GET path=/logs.json status=200
2026-04-27 21:35:12,545 INFO request method=GET path=/runs status=200
2026-04-27 21:35:12,551 INFO request method=GET path=/runs.json status=200
2026-04-27 21:35:12,551 INFO request method=GET path=/learn status=200
2026-04-27 21:35:12,557 INFO request method=GET path=/learn/items status=200
2026-04-27 21:35:12,557 INFO request method=GET path=/review status=200
2026-04-27 21:35:12,557 INFO request method=GET path=/corpus status=200
2026-04-27 21:35:12,618 INFO request method=GET path=/corpus/files status=200
2026-04-27 21:35:12,726 INFO request method=GET path=/frequency status=200
2026-04-27 21:35:12,812 INFO request method=GET path=/frequency/files status=200
2026-04-27 21:35:12,812 INFO request method=GET path=/lexicon status=200
2026-04-27 21:35:13,642 INFO request method=GET path=/lexicon/entries status=200
2026-04-27 21:35:13,646 INFO request method=GET path=/names status=200
2026-04-27 21:35:13,647 INFO request method=GET path=/api-docs status=200
2026-04-27 21:35:13,648 INFO request method=GET path=/openapi.json status=200
2026-04-27 21:35:13,648 INFO request method=GET path=/safety status=200
2026-04-27 21:35:13,648 INFO request method=GET path=/safety.json status=200
2026-04-27 21:35:13,648 INFO request method=GET path=/report status=200
2026-04-27 21:35:13,648 INFO request method=GET path=/health status=200
2026-04-27 21:35:13,666 INFO request method=GET path=/storage status=200
2026-04-27 21:35:13,686 INFO request method=GET path=/review/storage status=200
2026-04-27 21:35:13,805 INFO request method=GET path=/words/analyze status=200
2026-04-27 21:35:13,806 INFO request method=GET path=/names/analyze status=200
2026-04-27 21:35:13,806 INFO detect language=fr confidence=0.99 source=rule reliability=high text_length=7
2026-04-27 21:35:13,806 INFO request method=POST path=/detect status=200
2026-04-27 21:35:13,806 INFO request method=POST path=/analyze status=200
2026-04-27 21:46:00,813 INFO request method=POST path=/admin/login status=302
2026-04-27 21:46:00,813 INFO request method=GET path=/detect status=200
2026-04-27 21:46:00,928 INFO request method=GET path=/admin status=200
2026-04-27 21:46:01,038 INFO request method=GET path=/admin.json status=200
2026-04-27 21:46:04,973 INFO request method=GET path=/quality status=200
2026-04-27 21:46:08,947 INFO request method=GET path=/quality.json status=200
2026-04-27 21:46:11,965 INFO request method=GET path=/benchmark status=200
2026-04-27 21:46:14,996 INFO request method=GET path=/benchmark.json status=200
2026-04-27 21:46:15,001 INFO request method=GET path=/characters status=200
2026-04-27 21:46:15,001 INFO request method=GET path=/characters.json status=200
2026-04-27 21:46:18,933 INFO request method=GET path=/model-card status=200
2026-04-27 21:46:22,868 INFO request method=GET path=/model-card.json status=200
2026-04-27 21:46:22,884 INFO request method=GET path=/logs status=200
2026-04-27 21:46:22,894 INFO request method=GET path=/logs.json status=200
2026-04-27 21:46:22,904 INFO request method=GET path=/runs status=200
2026-04-27 21:46:22,911 INFO request method=GET path=/runs.json status=200
2026-04-27 21:46:22,912 INFO request method=GET path=/learn status=200
2026-04-27 21:46:22,916 INFO request method=GET path=/learn/items status=200
2026-04-27 21:46:22,916 INFO request method=GET path=/review status=200
2026-04-27 21:46:22,916 INFO request method=GET path=/corpus status=200
2026-04-27 21:46:22,982 INFO request method=GET path=/corpus/files status=200
2026-04-27 21:46:23,092 INFO request method=GET path=/frequency status=200
2026-04-27 21:46:23,179 INFO request method=GET path=/frequency/files status=200
2026-04-27 21:46:23,179 INFO request method=GET path=/lexicon status=200
2026-04-27 21:46:23,947 INFO request method=GET path=/lexicon/entries status=200
2026-04-27 21:46:23,947 INFO request method=GET path=/names status=200
2026-04-27 21:46:23,947 INFO request method=GET path=/api-docs status=200
2026-04-27 21:46:23,950 INFO request method=GET path=/openapi.json status=200
2026-04-27 21:46:23,950 INFO request method=GET path=/safety status=200
2026-04-27 21:46:23,951 INFO request method=GET path=/safety.json status=200
2026-04-27 21:46:23,953 INFO request method=GET path=/report status=200
2026-04-27 21:46:23,953 INFO request method=GET path=/health status=200
2026-04-27 21:46:24,004 INFO request method=GET path=/storage status=200
2026-04-27 21:46:24,019 INFO request method=GET path=/review/storage status=200
2026-04-27 21:46:24,135 INFO request method=GET path=/words/analyze status=200
2026-04-27 21:46:24,135 INFO request method=GET path=/names/analyze status=200
2026-04-27 21:46:24,138 INFO detect language=fr confidence=0.99 source=rule reliability=high text_length=7
2026-04-27 21:46:24,138 INFO request method=POST path=/detect status=200
2026-04-27 21:46:24,139 INFO request method=POST path=/analyze status=200
2026-04-27 21:55:56,960 INFO request method=POST path=/admin/login status=302
2026-04-27 21:55:56,963 INFO request method=GET path=/detect status=200
2026-04-27 21:55:57,141 INFO request method=GET path=/admin status=200
2026-04-27 21:55:57,307 INFO request method=GET path=/admin.json status=200
2026-04-27 21:56:02,263 INFO request method=GET path=/quality status=200
2026-04-27 21:56:07,111 INFO request method=GET path=/quality.json status=200
2026-04-27 21:56:10,307 INFO request method=GET path=/benchmark status=200
2026-04-27 21:56:13,345 INFO request method=GET path=/benchmark.json status=200
2026-04-27 21:56:13,352 INFO request method=GET path=/characters status=200
2026-04-27 21:56:13,357 INFO request method=GET path=/characters.json status=200
2026-04-27 21:56:18,689 INFO request method=GET path=/model-card status=200
2026-04-27 21:56:24,168 INFO request method=GET path=/model-card.json status=200
2026-04-27 21:56:24,187 INFO request method=GET path=/logs status=200
2026-04-27 21:56:24,206 INFO request method=GET path=/logs.json status=200
2026-04-27 21:56:24,232 INFO request method=GET path=/runs status=200
2026-04-27 21:56:24,243 INFO request method=GET path=/runs.json status=200
2026-04-27 21:56:24,245 INFO request method=GET path=/learn status=200
2026-04-27 21:56:24,254 INFO request method=GET path=/learn/items status=200
2026-04-27 21:56:24,255 INFO request method=GET path=/review status=200
2026-04-27 21:56:24,258 INFO request method=GET path=/corpus status=200
2026-04-27 21:56:24,342 INFO request method=GET path=/corpus/files status=200
2026-04-27 21:56:24,592 INFO request method=GET path=/frequency status=200
2026-04-27 21:56:24,781 INFO request method=GET path=/frequency/files status=200
2026-04-27 21:56:24,783 INFO request method=GET path=/lexicon status=200
2026-04-27 21:56:26,632 INFO request method=GET path=/lexicon/entries status=200
2026-04-27 21:56:26,634 INFO request method=GET path=/names status=200
2026-04-27 21:56:26,638 INFO request method=GET path=/api-docs status=200
2026-04-27 21:56:26,641 INFO request method=GET path=/openapi.json status=200
2026-04-27 21:56:26,642 INFO request method=GET path=/safety status=200
2026-04-27 21:56:26,643 INFO request method=GET path=/safety.json status=200
2026-04-27 21:56:26,647 INFO request method=GET path=/report status=200
2026-04-27 21:56:26,650 INFO request method=GET path=/health status=200
2026-04-27 21:56:26,684 INFO request method=GET path=/storage status=200
2026-04-27 21:56:26,715 INFO request method=GET path=/review/storage status=200
2026-04-27 21:56:27,028 INFO request method=GET path=/words/analyze status=200
2026-04-27 21:56:27,035 INFO request method=GET path=/names/analyze status=200
2026-04-27 21:56:27,040 INFO detect language=fr confidence=0.99 source=rule reliability=high text_length=7
2026-04-27 21:56:27,041 INFO request method=POST path=/detect status=200
2026-04-27 21:56:27,043 INFO request method=POST path=/analyze status=200
2026-04-27 22:03:43,840 INFO request method=POST path=/admin/login status=302
2026-04-27 22:03:43,842 INFO request method=GET path=/detect status=200
2026-04-27 22:03:43,945 INFO request method=GET path=/admin status=200
2026-04-27 22:03:44,047 INFO request method=GET path=/admin.json status=200
2026-04-27 22:03:46,735 INFO request method=GET path=/quality status=200
2026-04-27 22:03:49,406 INFO request method=GET path=/quality.json status=200
2026-04-27 22:03:51,128 INFO request method=GET path=/benchmark status=200
2026-04-27 22:03:52,822 INFO request method=GET path=/benchmark.json status=200
2026-04-27 22:03:52,827 INFO request method=GET path=/characters status=200
2026-04-27 22:03:52,828 INFO request method=GET path=/characters.json status=200
2026-04-27 22:03:55,427 INFO request method=GET path=/model-card status=200
2026-04-27 22:03:58,053 INFO request method=GET path=/model-card.json status=200
2026-04-27 22:03:58,067 INFO request method=GET path=/logs status=200
2026-04-27 22:03:58,078 INFO request method=GET path=/logs.json status=200
2026-04-27 22:03:58,086 INFO request method=GET path=/runs status=200
2026-04-27 22:03:58,093 INFO request method=GET path=/runs.json status=200
2026-04-27 22:03:58,095 INFO request method=GET path=/learn status=200
2026-04-27 22:03:58,100 INFO request method=GET path=/learn/items status=200
2026-04-27 22:03:58,101 INFO request method=GET path=/review status=200
2026-04-27 22:03:58,101 INFO request method=GET path=/corpus status=200
2026-04-27 22:03:58,159 INFO request method=GET path=/corpus/files status=200
2026-04-27 22:03:58,257 INFO request method=GET path=/frequency status=200
2026-04-27 22:03:58,338 INFO request method=GET path=/frequency/files status=200
2026-04-27 22:03:58,338 INFO request method=GET path=/lexicon status=200
2026-04-27 22:03:59,113 INFO request method=GET path=/lexicon/entries status=200
2026-04-27 22:03:59,114 INFO request method=GET path=/names status=200
2026-04-27 22:03:59,115 INFO request method=GET path=/api-docs status=200
2026-04-27 22:03:59,116 INFO request method=GET path=/openapi.json status=200
2026-04-27 22:03:59,116 INFO request method=GET path=/safety status=200
2026-04-27 22:03:59,117 INFO request method=GET path=/safety.json status=200
2026-04-27 22:03:59,119 INFO request method=GET path=/report status=200
2026-04-27 22:03:59,120 INFO request method=GET path=/health status=200
2026-04-27 22:03:59,152 INFO request method=GET path=/storage status=200
2026-04-27 22:03:59,168 INFO request method=GET path=/review/storage status=200
2026-04-27 22:03:59,281 INFO request method=GET path=/words/analyze status=200
2026-04-27 22:03:59,282 INFO request method=GET path=/names/analyze status=200
2026-04-27 22:03:59,284 INFO detect language=fr confidence=0.99 source=rule reliability=high text_length=7
2026-04-27 22:03:59,284 INFO request method=POST path=/detect status=200
2026-04-27 22:03:59,285 INFO request method=POST path=/analyze status=200
2026-04-27 22:07:42,698 INFO request method=POST path=/admin/login status=302
2026-04-27 22:07:42,699 INFO request method=GET path=/detect status=200
2026-04-27 22:07:42,796 INFO request method=GET path=/admin status=200
2026-04-27 22:07:42,896 INFO request method=GET path=/admin.json status=200
2026-04-27 22:07:45,529 INFO request method=GET path=/quality status=200
2026-04-27 22:07:48,226 INFO request method=GET path=/quality.json status=200
2026-04-27 22:07:49,939 INFO request method=GET path=/benchmark status=200
2026-04-27 22:07:51,656 INFO request method=GET path=/benchmark.json status=200
2026-04-27 22:07:51,658 INFO request method=GET path=/groups status=200
2026-04-27 22:07:51,659 INFO request method=GET path=/groups.json status=200
2026-04-27 22:07:51,662 INFO request method=GET path=/characters status=200
2026-04-27 22:07:51,664 INFO request method=GET path=/characters.json status=200
2026-04-27 22:07:54,272 INFO request method=GET path=/model-card status=200
2026-04-27 22:07:56,879 INFO request method=GET path=/model-card.json status=200
2026-04-27 22:07:56,890 INFO request method=GET path=/logs status=200
2026-04-27 22:07:56,901 INFO request method=GET path=/logs.json status=200
2026-04-27 22:07:56,941 INFO request method=GET path=/runs status=200
2026-04-27 22:07:56,950 INFO request method=GET path=/runs.json status=200
2026-04-27 22:07:56,951 INFO request method=GET path=/learn status=200
2026-04-27 22:07:56,957 INFO request method=GET path=/learn/items status=200
2026-04-27 22:07:56,958 INFO request method=GET path=/review status=200
2026-04-27 22:07:56,958 INFO request method=GET path=/corpus status=200
2026-04-27 22:07:57,017 INFO request method=GET path=/corpus/files status=200
2026-04-27 22:07:57,118 INFO request method=GET path=/frequency status=200
2026-04-27 22:07:57,198 INFO request method=GET path=/frequency/files status=200
2026-04-27 22:07:57,199 INFO request method=GET path=/lexicon status=200
2026-04-27 22:07:58,005 INFO request method=GET path=/lexicon/entries status=200
2026-04-27 22:07:58,008 INFO request method=GET path=/names status=200
2026-04-27 22:07:58,008 INFO request method=GET path=/api-docs status=200
2026-04-27 22:07:58,008 INFO request method=GET path=/openapi.json status=200
2026-04-27 22:07:58,010 INFO request method=GET path=/safety status=200
2026-04-27 22:07:58,010 INFO request method=GET path=/safety.json status=200
2026-04-27 22:07:58,012 INFO request method=GET path=/report status=200
2026-04-27 22:07:58,012 INFO request method=GET path=/health status=200
2026-04-27 22:07:58,028 INFO request method=GET path=/storage status=200
2026-04-27 22:07:58,047 INFO request method=GET path=/review/storage status=200
2026-04-27 22:07:58,169 INFO request method=GET path=/words/analyze status=200
2026-04-27 22:07:58,170 INFO request method=GET path=/names/analyze status=200
2026-04-27 22:07:58,170 INFO detect language=fr confidence=0.99 source=rule reliability=high text_length=7
2026-04-27 22:07:58,170 INFO request method=POST path=/detect status=200
2026-04-27 22:07:58,170 INFO request method=POST path=/analyze status=200
2026-04-27 22:08:15,920 INFO request method=POST path=/admin/login status=302
2026-04-27 22:08:15,922 INFO request method=GET path=/detect status=200
2026-04-27 22:08:16,039 INFO request method=GET path=/admin status=200
2026-04-27 22:08:16,133 INFO request method=GET path=/admin.json status=200
2026-04-27 22:08:18,774 INFO request method=GET path=/quality status=200
2026-04-27 22:08:21,535 INFO request method=GET path=/quality.json status=200
2026-04-27 22:08:23,270 INFO request method=GET path=/benchmark status=200
2026-04-27 22:08:25,019 INFO request method=GET path=/benchmark.json status=200
2026-04-27 22:08:25,021 INFO request method=GET path=/groups status=200
2026-04-27 22:08:25,022 INFO request method=GET path=/groups.json status=200
2026-04-27 22:08:25,024 INFO request method=GET path=/characters status=200
2026-04-27 22:08:25,026 INFO request method=GET path=/characters.json status=200
2026-04-27 22:08:27,710 INFO request method=GET path=/model-card status=200
2026-04-27 22:08:30,397 INFO request method=GET path=/model-card.json status=200
2026-04-27 22:08:30,410 INFO request method=GET path=/logs status=200
2026-04-27 22:08:30,422 INFO request method=GET path=/logs.json status=200
2026-04-27 22:08:30,442 INFO request method=GET path=/runs status=200
2026-04-27 22:08:30,449 INFO request method=GET path=/runs.json status=200
2026-04-27 22:08:30,449 INFO request method=GET path=/learn status=200
2026-04-27 22:08:30,453 INFO request method=GET path=/learn/items status=200
2026-04-27 22:08:30,458 INFO request method=GET path=/review status=200
2026-04-27 22:08:30,459 INFO request method=GET path=/corpus status=200
2026-04-27 22:08:30,513 INFO request method=GET path=/corpus/files status=200
2026-04-27 22:08:30,619 INFO request method=GET path=/frequency status=200
2026-04-27 22:08:30,701 INFO request method=GET path=/frequency/files status=200
2026-04-27 22:08:30,701 INFO request method=GET path=/lexicon status=200
2026-04-27 22:08:31,514 INFO request method=GET path=/lexicon/entries status=200
2026-04-27 22:08:31,515 INFO request method=GET path=/names status=200
2026-04-27 22:08:31,516 INFO request method=GET path=/api-docs status=200
2026-04-27 22:08:31,516 INFO request method=GET path=/openapi.json status=200
2026-04-27 22:08:31,516 INFO request method=GET path=/safety status=200
2026-04-27 22:08:31,518 INFO request method=GET path=/safety.json status=200
2026-04-27 22:08:31,519 INFO request method=GET path=/report status=200
2026-04-27 22:08:31,519 INFO request method=GET path=/health status=200
2026-04-27 22:08:31,564 INFO request method=GET path=/storage status=200
2026-04-27 22:08:31,580 INFO request method=GET path=/review/storage status=200
2026-04-27 22:08:31,697 INFO request method=GET path=/words/analyze status=200
2026-04-27 22:08:31,697 INFO request method=GET path=/names/analyze status=200
2026-04-27 22:08:31,697 INFO detect language=fr confidence=0.99 source=rule reliability=high text_length=7
2026-04-27 22:08:31,697 INFO request method=POST path=/detect status=200
2026-04-27 22:08:31,700 INFO request method=POST path=/analyze status=200
2026-04-27 22:09:52,983 INFO request method=POST path=/admin/login status=302
2026-04-27 22:09:52,984 INFO request method=GET path=/detect status=200
2026-04-27 22:09:53,092 INFO request method=GET path=/admin status=200
2026-04-27 22:09:53,185 INFO request method=GET path=/admin.json status=200
2026-04-27 22:09:55,752 INFO request method=GET path=/quality status=200
2026-04-27 22:09:58,434 INFO request method=GET path=/quality.json status=200
2026-04-27 22:10:00,147 INFO request method=GET path=/benchmark status=200
2026-04-27 22:10:01,859 INFO request method=GET path=/benchmark.json status=200
2026-04-27 22:10:01,861 INFO request method=GET path=/groups status=200
2026-04-27 22:10:01,862 INFO request method=GET path=/groups.json status=200
2026-04-27 22:10:01,865 INFO request method=GET path=/characters status=200
2026-04-27 22:10:01,867 INFO request method=GET path=/characters.json status=200
2026-04-27 22:10:04,468 INFO request method=GET path=/model-card status=200
2026-04-27 22:10:07,057 INFO request method=GET path=/model-card.json status=200
2026-04-27 22:10:07,071 INFO request method=GET path=/logs status=200
2026-04-27 22:10:07,082 INFO request method=GET path=/logs.json status=200
2026-04-27 22:10:07,103 INFO request method=GET path=/runs status=200
2026-04-27 22:10:07,111 INFO request method=GET path=/runs.json status=200
2026-04-27 22:10:07,112 INFO request method=GET path=/learn status=200
2026-04-27 22:10:07,117 INFO request method=GET path=/learn/items status=200
2026-04-27 22:10:07,118 INFO request method=GET path=/review status=200
2026-04-27 22:10:07,119 INFO request method=GET path=/corpus status=200
2026-04-27 22:10:07,179 INFO request method=GET path=/corpus/files status=200
2026-04-27 22:10:07,281 INFO request method=GET path=/frequency status=200
2026-04-27 22:10:07,364 INFO request method=GET path=/frequency/files status=200
2026-04-27 22:10:07,365 INFO request method=GET path=/lexicon status=200
2026-04-27 22:10:08,154 INFO request method=GET path=/lexicon/entries status=200
2026-04-27 22:10:08,156 INFO request method=GET path=/names status=200
2026-04-27 22:10:08,157 INFO request method=GET path=/api-docs status=200
2026-04-27 22:10:08,157 INFO request method=GET path=/openapi.json status=200
2026-04-27 22:10:08,158 INFO request method=GET path=/safety status=200
2026-04-27 22:10:08,158 INFO request method=GET path=/safety.json status=200
2026-04-27 22:10:08,162 INFO request method=GET path=/report status=200
2026-04-27 22:10:08,162 INFO request method=GET path=/health status=200
2026-04-27 22:10:08,181 INFO request method=GET path=/storage status=200
2026-04-27 22:10:08,198 INFO request method=GET path=/review/storage status=200
2026-04-27 22:10:08,315 INFO request method=GET path=/words/analyze status=200
2026-04-27 22:10:08,316 INFO request method=GET path=/names/analyze status=200
2026-04-27 22:10:08,317 INFO detect language=fr confidence=0.99 source=rule reliability=high text_length=7
2026-04-27 22:10:08,317 INFO request method=POST path=/detect status=200
2026-04-27 22:10:08,318 INFO request method=POST path=/analyze status=200
2026-04-27 22:46:34,797 INFO request method=POST path=/admin/login status=302
2026-04-27 22:46:34,800 INFO request method=GET path=/detect status=200
2026-04-27 22:46:34,934 INFO request method=GET path=/admin status=200
2026-04-27 22:46:35,027 INFO request method=GET path=/admin.json status=200
2026-04-27 22:46:38,243 INFO request method=GET path=/quality status=200
2026-04-27 22:46:40,974 INFO request method=GET path=/quality.json status=200
2026-04-27 22:46:42,740 INFO request method=GET path=/benchmark status=200
2026-04-27 22:46:44,469 INFO request method=GET path=/benchmark.json status=200
2026-04-27 22:46:44,482 INFO request method=GET path=/groups status=200
2026-04-27 22:46:44,494 INFO request method=GET path=/groups.json status=200
2026-04-27 22:46:44,498 INFO request method=GET path=/characters status=200
2026-04-27 22:46:44,500 INFO request method=GET path=/characters.json status=200
2026-04-27 22:46:47,180 INFO request method=GET path=/model-card status=200
2026-04-27 22:46:49,795 INFO request method=GET path=/model-card.json status=200
2026-04-27 22:46:49,807 INFO request method=GET path=/logs status=200
2026-04-27 22:46:49,817 INFO request method=GET path=/logs.json status=200
2026-04-27 22:46:49,838 INFO request method=GET path=/runs status=200
2026-04-27 22:46:49,846 INFO request method=GET path=/runs.json status=200
2026-04-27 22:46:49,847 INFO request method=GET path=/learn status=200
2026-04-27 22:46:49,852 INFO request method=GET path=/learn/items status=200
2026-04-27 22:46:49,854 INFO request method=GET path=/review status=200
2026-04-27 22:46:49,855 INFO request method=GET path=/corpus status=200
2026-04-27 22:46:49,914 INFO request method=GET path=/corpus/files status=200
2026-04-27 22:46:50,016 INFO request method=GET path=/frequency status=200
2026-04-27 22:46:50,100 INFO request method=GET path=/frequency/files status=200
2026-04-27 22:46:50,104 INFO request method=GET path=/lexicon status=200
2026-04-27 22:46:50,872 INFO request method=GET path=/lexicon/entries status=200
2026-04-27 22:46:50,877 INFO request method=GET path=/names status=200
2026-04-27 22:46:50,878 INFO request method=GET path=/api-docs status=200
2026-04-27 22:46:50,879 INFO request method=GET path=/openapi.json status=200
2026-04-27 22:46:50,879 INFO request method=GET path=/safety status=200
2026-04-27 22:46:50,879 INFO request method=GET path=/safety.json status=200
2026-04-27 22:46:50,882 INFO request method=GET path=/report status=200
2026-04-27 22:46:50,882 INFO request method=GET path=/health status=200
2026-04-27 22:46:50,925 INFO request method=GET path=/storage status=200
2026-04-27 22:46:50,943 INFO request method=GET path=/review/storage status=200
2026-04-27 22:46:51,067 INFO request method=GET path=/words/analyze status=200
2026-04-27 22:46:51,070 INFO request method=GET path=/names/analyze status=200
2026-04-27 22:46:51,072 INFO detect language=fr confidence=0.99 source=rule reliability=high text_length=7
2026-04-27 22:46:51,072 INFO request method=POST path=/detect status=200
2026-04-27 22:46:51,073 INFO request method=POST path=/analyze status=200
2026-04-27 22:46:51,085 INFO request method=GET path=/groups.json status=200
2026-04-27 22:52:16,665 INFO request method=POST path=/admin/login status=302
2026-04-27 22:52:16,666 INFO request method=GET path=/detect status=200
2026-04-27 22:52:16,770 INFO request method=GET path=/admin status=200
2026-04-27 22:52:16,880 INFO request method=GET path=/admin.json status=200
2026-04-27 22:52:19,560 INFO request method=GET path=/quality status=200
2026-04-27 22:52:22,325 INFO request method=GET path=/quality.json status=200
2026-04-27 22:52:24,114 INFO request method=GET path=/benchmark status=200
2026-04-27 22:52:25,947 INFO request method=GET path=/benchmark.json status=200
2026-04-27 22:52:25,962 INFO request method=GET path=/groups status=200
2026-04-27 22:52:25,976 INFO request method=GET path=/groups.json status=200
2026-04-27 22:52:25,978 INFO request method=GET path=/characters status=200
2026-04-27 22:52:25,981 INFO request method=GET path=/characters.json status=200
2026-04-27 22:52:28,752 INFO request method=GET path=/model-card status=200
2026-04-27 22:52:31,475 INFO request method=GET path=/model-card.json status=200
2026-04-27 22:52:31,489 INFO request method=GET path=/logs status=200
2026-04-27 22:52:31,499 INFO request method=GET path=/logs.json status=200
2026-04-27 22:52:31,522 INFO request method=GET path=/runs status=200
2026-04-27 22:52:31,529 INFO request method=GET path=/runs.json status=200
2026-04-27 22:52:31,530 INFO request method=GET path=/learn status=200
2026-04-27 22:52:31,536 INFO request method=GET path=/learn/items status=200
2026-04-27 22:52:31,537 INFO request method=GET path=/review status=200
2026-04-27 22:52:31,538 INFO request method=GET path=/corpus status=200
2026-04-27 22:52:31,597 INFO request method=GET path=/corpus/files status=200
2026-04-27 22:52:31,703 INFO request method=GET path=/frequency status=200
2026-04-27 22:52:31,787 INFO request method=GET path=/frequency/files status=200
2026-04-27 22:52:31,788 INFO request method=GET path=/lexicon status=200
2026-04-27 22:52:32,611 INFO request method=GET path=/lexicon/entries status=200
2026-04-27 22:52:32,614 INFO request method=GET path=/names status=200
2026-04-27 22:52:32,617 INFO request method=GET path=/api-docs status=200
2026-04-27 22:52:32,617 INFO request method=GET path=/openapi.json status=200
2026-04-27 22:52:32,617 INFO request method=GET path=/safety status=200
2026-04-27 22:52:32,617 INFO request method=GET path=/safety.json status=200
2026-04-27 22:52:32,617 INFO request method=GET path=/report status=200
2026-04-27 22:52:32,622 INFO request method=GET path=/health status=200
2026-04-27 22:52:32,667 INFO request method=GET path=/storage status=200
2026-04-27 22:52:32,685 INFO request method=GET path=/review/storage status=200
2026-04-27 22:52:32,811 INFO request method=GET path=/words/analyze status=200
2026-04-27 22:52:32,811 INFO request method=GET path=/names/analyze status=200
2026-04-27 22:52:32,813 INFO detect language=fr confidence=0.99 source=rule reliability=high text_length=7
2026-04-27 22:52:32,813 INFO request method=POST path=/detect status=200
2026-04-27 22:52:32,813 INFO request method=POST path=/analyze status=200
2026-04-27 22:52:32,827 INFO request method=GET path=/groups.json status=200
2026-04-27 22:57:50,203 INFO request method=POST path=/admin/login status=302
2026-04-27 22:57:50,204 INFO request method=GET path=/detect status=200
2026-04-27 22:57:50,310 INFO request method=GET path=/admin status=200
2026-04-27 22:57:50,416 INFO request method=GET path=/admin.json status=200
2026-04-27 22:57:53,068 INFO request method=GET path=/quality status=200
2026-04-27 22:57:55,795 INFO request method=GET path=/quality.json status=200
2026-04-27 22:57:57,575 INFO request method=GET path=/benchmark status=200
2026-04-27 22:57:59,376 INFO request method=GET path=/benchmark.json status=200
2026-04-27 22:57:59,390 INFO request method=GET path=/groups status=200
2026-04-27 22:57:59,404 INFO request method=GET path=/groups.json status=200
2026-04-27 22:57:59,407 INFO request method=GET path=/characters status=200
2026-04-27 22:57:59,408 INFO request method=GET path=/characters.json status=200
2026-04-27 22:58:02,077 INFO request method=GET path=/model-card status=200
2026-04-27 22:58:04,769 INFO request method=GET path=/model-card.json status=200
2026-04-27 22:58:04,781 INFO request method=GET path=/logs status=200
2026-04-27 22:58:04,792 INFO request method=GET path=/logs.json status=200
2026-04-27 22:58:04,814 INFO request method=GET path=/runs status=200
2026-04-27 22:58:04,820 INFO request method=GET path=/runs.json status=200
2026-04-27 22:58:04,823 INFO request method=GET path=/learn status=200
2026-04-27 22:58:04,829 INFO request method=GET path=/learn/items status=200
2026-04-27 22:58:04,829 INFO request method=GET path=/review status=200
2026-04-27 22:58:04,830 INFO request method=GET path=/corpus status=200
2026-04-27 22:58:04,884 INFO request method=GET path=/corpus/files status=200
2026-04-27 22:58:04,989 INFO request method=GET path=/frequency status=200
2026-04-27 22:58:05,072 INFO request method=GET path=/frequency/files status=200
2026-04-27 22:58:05,072 INFO request method=GET path=/lexicon status=200
2026-04-27 22:58:05,869 INFO request method=GET path=/lexicon/entries status=200
2026-04-27 22:58:05,872 INFO request method=GET path=/names status=200
2026-04-27 22:58:05,872 INFO request method=GET path=/api-docs status=200
2026-04-27 22:58:05,873 INFO request method=GET path=/openapi.json status=200
2026-04-27 22:58:05,873 INFO request method=GET path=/safety status=200
2026-04-27 22:58:05,874 INFO request method=GET path=/safety.json status=200
2026-04-27 22:58:05,877 INFO request method=GET path=/report status=200
2026-04-27 22:58:05,878 INFO request method=GET path=/health status=200
2026-04-27 22:58:05,908 INFO request method=GET path=/storage status=200
2026-04-27 22:58:05,927 INFO request method=GET path=/review/storage status=200
2026-04-27 22:58:06,045 INFO request method=GET path=/words/analyze status=200
2026-04-27 22:58:06,047 INFO request method=GET path=/names/analyze status=200
2026-04-27 22:58:06,048 INFO detect language=fr confidence=0.99 source=rule reliability=high text_length=7
2026-04-27 22:58:06,048 INFO request method=POST path=/detect status=200
2026-04-27 22:58:06,049 INFO request method=POST path=/analyze status=200
2026-04-27 22:58:06,062 INFO request method=GET path=/groups.json status=200
2026-04-27 22:58:06,063 INFO request method=GET path=/openapi.json status=200
2026-04-27 23:21:37,189 INFO request method=GET path=/ status=302
2026-04-27 23:21:37,202 INFO request method=GET path=/detect status=200
2026-04-27 23:21:42,483 INFO request method=GET path=/api-docs status=200
2026-04-27 23:21:44,644 INFO request method=GET path=/health status=200
2026-04-27 23:21:47,397 INFO request method=GET path=/safety status=200
2026-04-27 23:21:52,899 INFO request method=GET path=/safety status=200
2026-04-27 23:21:53,798 INFO request method=GET path=/admin status=200
2026-04-27 23:22:17,745 INFO request method=GET path=/safety status=200
2026-04-27 23:22:17,774 INFO request method=GET path=/logs status=200
2026-04-27 23:22:17,797 INFO request method=GET path=/logs status=200
2026-04-27 23:22:20,580 INFO request method=GET path=/model-card status=200
2026-04-27 23:45:12,570 INFO request method=GET path=/ status=302
2026-04-27 23:45:12,577 INFO request method=GET path=/detect status=200
2026-04-27 23:45:16,479 INFO request method=GET path=/api-docs status=200
2026-04-27 23:45:17,245 INFO request method=GET path=/safety status=200
2026-04-27 23:45:18,013 INFO request method=GET path=/admin status=200
2026-04-27 23:45:22,050 INFO request method=POST path=/admin/actions/retrain status=200
2026-04-27 23:45:22,725 INFO request method=POST path=/admin/actions/rebuild status=200
2026-04-27 23:45:26,248 INFO request method=POST path=/admin/actions/train status=200
2026-04-27 23:45:42,291 INFO request method=GET path=/characters status=200
2026-04-27 23:45:46,242 INFO request method=GET path=/model-card status=200
2026-04-27 23:45:46,321 INFO request method=GET path=/quality status=200
2026-04-27 23:45:56,553 INFO request method=GET path=/corpus status=200
2026-04-27 23:45:56,684 INFO request method=GET path=/corpus/files status=200
2026-04-27 23:45:58,725 INFO request method=GET path=/corpus/preview status=200
2026-04-27 23:45:59,385 INFO request method=GET path=/corpus/preview status=200
2026-04-27 23:45:59,796 INFO request method=GET path=/corpus/preview status=200
2026-04-27 23:46:00,214 INFO request method=GET path=/corpus/preview status=200
2026-04-27 23:46:02,211 INFO request method=GET path=/corpus/preview status=200
2026-04-27 23:46:02,569 INFO request method=GET path=/corpus/preview status=200
2026-04-27 23:46:05,979 INFO request method=GET path=/frequency status=200
2026-04-27 23:46:06,237 INFO request method=GET path=/lexicon status=200
2026-04-27 23:46:07,039 INFO request method=GET path=/names status=200
2026-04-27 23:46:07,210 INFO request method=GET path=/names/items status=200
2026-04-27 23:46:07,770 INFO request method=GET path=/learn status=200
2026-04-27 23:46:08,016 INFO request method=GET path=/lexicon/entries status=200
2026-04-27 23:46:08,029 INFO request method=GET path=/learn/items status=200
2026-04-27 23:46:09,627 INFO request method=DELETE path=/learn/items/5 status=200
2026-04-27 23:46:09,640 INFO request method=GET path=/learn/items status=200
2026-04-27 23:46:11,471 INFO request method=DELETE path=/learn/items status=200
2026-04-27 23:46:11,484 INFO request method=GET path=/learn/items status=200
2026-04-27 23:46:12,394 INFO request method=GET path=/review status=200
2026-04-27 23:46:12,485 INFO request method=GET path=/review/items status=200
2026-04-27 23:46:12,705 INFO request method=GET path=/review status=200
2026-04-27 23:46:12,780 INFO request method=GET path=/review/items status=200
2026-04-27 23:46:14,248 INFO request method=GET path=/runs status=200
2026-04-27 23:46:16,143 INFO request method=GET path=/report status=200
2026-04-27 23:46:24,184 INFO request method=GET path=/model-card status=200
2026-04-27 23:46:31,578 INFO request method=GET path=/safety status=200
2026-04-27 23:46:34,105 INFO request method=GET path=/safety status=200
2026-04-27 23:46:35,487 INFO request method=GET path=/api-docs status=200
2026-04-27 23:46:36,388 INFO request method=GET path=/detect status=200
2026-04-27 23:55:29,123 INFO request method=GET path=/ status=302
2026-04-27 23:55:29,131 INFO request method=GET path=/detect status=200
2026-04-27 23:55:33,556 INFO request method=POST path=/analyze status=200
2026-04-27 23:55:41,067 INFO detect language=uk confidence=1.0 source=rule reliability=high text_length=23
2026-04-27 23:55:41,067 INFO request method=POST path=/detect status=200
2026-04-27 23:55:42,043 INFO detect language=be confidence=0.98 source=rule reliability=high text_length=11
2026-04-27 23:55:42,045 INFO request method=POST path=/detect status=200
2026-04-27 23:55:45,326 INFO detect language=tr confidence=0.9463 source=lingua reliability=high text_length=18
2026-04-27 23:55:45,326 INFO request method=POST path=/detect status=200
2026-04-27 23:55:45,345 INFO detect language=cs confidence=0.9414 source=lingua reliability=high text_length=25
2026-04-27 23:55:45,346 INFO request method=POST path=/detect status=200
2026-04-27 23:55:47,035 INFO request method=GET path=/api-docs status=200
2026-04-27 23:55:51,726 INFO request method=GET path=/openapi.json status=200
2026-04-27 23:55:53,533 INFO request method=GET path=/health status=200
2026-04-27 23:55:55,312 INFO request method=GET path=/admin status=200
2026-04-27 23:55:56,939 INFO request method=GET path=/runs status=200
2026-04-27 23:55:57,771 INFO request method=GET path=/report status=200
2026-04-27 23:56:04,965 INFO request method=GET path=/review status=200
2026-04-27 23:56:04,970 INFO request method=GET path=/logs status=200
2026-04-27 23:56:04,988 INFO request method=GET path=/logs status=200
2026-04-27 23:56:04,988 INFO request method=GET path=/logs status=200
2026-04-27 23:56:05,622 INFO request method=GET path=/review/items status=200
2026-04-27 23:56:07,569 INFO request method=GET path=/admin status=200
2026-04-27 23:56:13,186 INFO request method=GET path=/groups status=200
2026-04-27 23:56:14,374 INFO request method=GET path=/model-card status=200
2026-04-27 23:56:14,933 INFO request method=GET path=/benchmark status=200
2026-04-27 23:56:15,577 INFO request method=GET path=/model-card status=200
2026-04-27 23:56:16,337 INFO request method=GET path=/quality status=200
2026-04-27 23:56:16,418 INFO request method=GET path=/characters status=200
2026-04-27 23:56:24,241 INFO request method=GET path=/corpus status=200
2026-04-27 23:56:24,375 INFO request method=GET path=/corpus/files status=200
2026-04-27 23:56:27,029 INFO request method=GET path=/lexicon status=200
2026-04-27 23:56:27,845 INFO request method=GET path=/names status=200
2026-04-27 23:56:28,157 INFO request method=GET path=/names/items status=200
2026-04-27 23:56:28,441 INFO request method=GET path=/names status=200
2026-04-27 23:56:28,693 INFO request method=GET path=/names/items status=200
2026-04-27 23:56:28,936 INFO request method=GET path=/lexicon/entries status=200
2026-04-27 23:56:30,860 INFO request method=DELETE path=/names/items status=200
2026-04-27 23:56:30,892 INFO request method=GET path=/names/items status=200
2026-04-27 23:56:31,402 INFO request method=DELETE path=/names/items status=200
2026-04-27 23:56:31,425 INFO request method=GET path=/names/items status=200
2026-04-27 23:56:31,816 INFO request method=DELETE path=/names/items status=200
2026-04-27 23:56:31,840 INFO request method=GET path=/names/items status=200
2026-04-27 23:56:33,693 INFO request method=DELETE path=/names/items status=200
2026-04-27 23:56:33,720 INFO request method=GET path=/names/items status=200
2026-04-27 23:56:33,851 INFO request method=DELETE path=/names/items status=200
2026-04-27 23:56:33,876 INFO request method=GET path=/names/items status=200
2026-04-27 23:56:33,997 INFO request method=DELETE path=/names/items status=200
2026-04-27 23:56:34,027 INFO request method=GET path=/names/items status=200
2026-04-27 23:56:34,134 INFO request method=DELETE path=/names/items status=200
2026-04-27 23:56:34,157 INFO request method=GET path=/names/items status=200
2026-04-27 23:56:34,286 INFO request method=DELETE path=/names/items status=200
2026-04-27 23:56:34,309 INFO request method=GET path=/names/items status=200
2026-04-27 23:56:34,419 INFO request method=DELETE path=/names/items status=200
2026-04-27 23:56:34,442 INFO request method=GET path=/names/items status=200
2026-04-27 23:56:34,559 INFO request method=DELETE path=/names/items status=200
2026-04-27 23:56:34,583 INFO request method=GET path=/names/items status=200
2026-04-27 23:56:34,692 INFO request method=DELETE path=/names/items status=200
2026-04-27 23:56:34,715 INFO request method=GET path=/names/items status=200
2026-04-27 23:56:34,833 INFO request method=DELETE path=/names/items status=200
2026-04-27 23:56:34,857 INFO request method=GET path=/names/items status=200
2026-04-27 23:56:34,969 INFO request method=DELETE path=/names/items status=200
2026-04-27 23:56:34,994 INFO request method=GET path=/names/items status=200
2026-04-27 23:56:35,133 INFO request method=DELETE path=/names/items status=200
2026-04-27 23:56:35,184 INFO request method=GET path=/names/items status=200
2026-04-27 23:56:35,433 INFO request method=DELETE path=/names/items status=200
2026-04-27 23:56:35,457 INFO request method=GET path=/names/items status=200
2026-04-27 23:56:35,572 INFO request method=DELETE path=/names/items status=200
2026-04-27 23:56:35,598 INFO request method=GET path=/names/items status=200
2026-04-27 23:56:35,747 INFO request method=DELETE path=/names/items status=200
2026-04-27 23:56:35,773 INFO request method=GET path=/names/items status=200
2026-04-27 23:56:35,905 INFO request method=DELETE path=/names/items status=200
2026-04-27 23:56:35,933 INFO request method=GET path=/names/items status=200
2026-04-27 23:56:36,083 INFO request method=DELETE path=/names/items status=200
2026-04-27 23:56:36,108 INFO request method=GET path=/names/items status=200
2026-04-27 23:56:36,248 INFO request method=DELETE path=/names/items status=200
2026-04-27 23:56:36,273 INFO request method=GET path=/names/items status=200
2026-04-27 23:56:36,410 INFO request method=DELETE path=/names/items status=200
2026-04-27 23:56:36,434 INFO request method=GET path=/names/items status=200
2026-04-27 23:56:36,588 INFO request method=DELETE path=/names/items status=200
2026-04-27 23:56:36,614 INFO request method=GET path=/names/items status=200
2026-04-27 23:56:37,954 INFO request method=GET path=/review status=200
2026-04-27 23:56:38,050 INFO request method=GET path=/review/items status=200
2026-04-27 23:56:38,656 INFO request method=GET path=/runs status=200
2026-04-27 23:56:39,635 INFO request method=GET path=/review status=200
2026-04-27 23:56:39,725 INFO request method=GET path=/review/items status=200
2026-04-27 23:56:41,231 INFO request method=DELETE path=/review/storage status=200
2026-04-27 23:56:41,276 INFO request method=GET path=/review/items status=200
2026-04-27 23:56:43,227 INFO request method=GET path=/safety status=200
2026-04-27 23:56:44,995 INFO request method=GET path=/api-docs status=200
2026-04-27 23:56:45,557 INFO request method=GET path=/detect status=200
2026-04-28 00:02:36,902 INFO request method=GET path=/detect status=200
2026-04-28 00:02:42,358 INFO request method=POST path=/analyze status=200
2026-04-28 00:02:42,499 INFO detect language=uk confidence=1.0 source=rule reliability=high text_length=23
2026-04-28 00:02:42,500 INFO request method=POST path=/detect status=200
2026-04-28 00:02:43,345 INFO request method=POST path=/analyze status=200
2026-04-28 00:02:43,864 INFO detect language=be confidence=0.98 source=rule reliability=high text_length=11
2026-04-28 00:02:43,865 INFO request method=POST path=/detect status=200
2026-04-28 00:02:44,828 INFO detect language=tr confidence=0.9463 source=lingua reliability=high text_length=18
2026-04-28 00:02:44,828 INFO request method=POST path=/detect status=200
2026-04-28 00:02:47,574 INFO detect language=unknown confidence=0.0 source=rule reliability=unknown text_length=20
2026-04-28 00:02:47,574 INFO request method=POST path=/detect status=200
2026-04-28 00:02:47,581 INFO detect language=cs confidence=0.9414 source=lingua reliability=high text_length=25
2026-04-28 00:02:47,581 INFO request method=POST path=/detect status=200
2026-04-28 00:02:48,089 INFO request method=GET path=/api-docs status=200
2026-04-28 00:02:49,156 INFO request method=GET path=/detect status=200
2026-04-28 00:02:50,119 INFO request method=POST path=/analyze status=200
2026-04-28 00:02:50,778 INFO detect language=uk confidence=1.0 source=rule reliability=high text_length=23
2026-04-28 00:02:50,779 INFO request method=POST path=/detect status=200
2026-04-28 00:02:51,346 INFO detect language=be confidence=0.98 source=rule reliability=high text_length=11
2026-04-28 00:02:51,346 INFO request method=POST path=/detect status=200
2026-04-28 00:02:51,785 INFO request method=POST path=/analyze status=200
2026-04-28 00:02:53,844 INFO detect language=be confidence=0.98 source=rule reliability=high text_length=11
2026-04-28 00:02:53,844 INFO request method=POST path=/detect status=200
2026-04-28 00:02:55,943 INFO request method=GET path=/admin status=200
2026-04-28 00:03:03,812 INFO request method=GET path=/groups status=200
2026-04-28 00:03:04,976 INFO request method=GET path=/runs status=200
2026-04-28 00:03:05,872 INFO request method=GET path=/report status=200
2026-04-28 00:03:06,069 INFO request method=GET path=/admin status=200
2026-04-28 00:03:06,103 INFO request method=GET path=/admin status=200
2026-04-28 00:03:06,768 INFO request method=GET path=/quality status=200
2026-04-28 00:03:08,571 INFO request method=GET path=/logs status=200
2026-04-28 00:03:10,225 INFO request method=GET path=/model-card status=200
2026-04-28 00:03:11,478 INFO request method=GET path=/safety status=200
2026-04-28 00:03:13,587 INFO request method=GET path=/safety status=200
2026-04-28 00:03:14,489 INFO request method=GET path=/admin status=200
2026-04-28 00:03:15,268 INFO request method=GET path=/detect status=200
2026-04-28 00:03:16,218 INFO request method=GET path=/admin status=200
2026-04-28 00:03:16,973 INFO request method=GET path=/admin/logout status=302
2026-04-28 00:03:16,974 INFO request method=GET path=/detect status=200
2026-04-28 00:03:18,605 INFO request method=GET path=/admin status=302
2026-04-28 00:03:18,611 INFO request method=GET path=/admin/login status=200
2026-04-28 00:03:18,850 INFO request method=GET path=/admin status=302
2026-04-28 00:03:18,858 INFO request method=GET path=/admin/login status=200
2026-04-28 00:03:32,871 INFO request method=POST path=/admin/login status=302
2026-04-28 00:03:33,015 INFO request method=GET path=/admin status=200
2026-04-28 00:12:10,769 INFO request method=GET path=/ status=302
2026-04-28 00:12:10,785 INFO request method=GET path=/detect status=200
2026-04-28 00:12:17,696 INFO request method=GET path=/api-docs status=200
2026-04-28 00:12:18,298 INFO request method=GET path=/safety status=200
2026-04-28 00:12:18,888 INFO request method=GET path=/admin status=200
2026-04-28 00:12:30,906 INFO request method=GET path=/review status=200
2026-04-28 00:12:31,125 INFO request method=GET path=/report status=200
2026-04-28 00:12:31,493 INFO request method=GET path=/groups status=200
2026-04-28 00:12:31,522 INFO request method=GET path=/groups status=200
2026-04-28 00:12:31,667 INFO request method=GET path=/groups status=200
2026-04-28 00:12:31,805 INFO request method=GET path=/safety status=200
2026-04-28 00:12:31,851 INFO request method=GET path=/logs status=200
2026-04-28 00:12:31,877 INFO request method=GET path=/characters status=200
2026-04-28 00:12:31,978 INFO request method=GET path=/groups status=200
2026-04-28 00:12:32,225 INFO request method=POST path=/admin/actions/evaluate status=500
2026-04-28 00:12:35,792 INFO request method=POST path=/admin/actions/retrain status=200
2026-04-28 00:12:35,998 INFO request method=POST path=/admin/actions/train status=500
2026-04-28 00:12:36,345 INFO request method=POST path=/admin/actions/rebuild status=200
2026-04-28 00:12:36,502 INFO request method=GET path=/api-docs status=200
2026-04-28 00:12:37,650 INFO request method=GET path=/detect status=200
2026-04-28 00:12:38,809 INFO request method=GET path=/api-docs status=200
2026-04-28 00:12:39,276 INFO request method=GET path=/detect status=200
2026-04-28 00:12:39,826 INFO request method=GET path=/safety status=200
2026-04-28 00:12:41,249 INFO request method=GET path=/detect status=200
2026-04-28 00:12:42,153 INFO request method=GET path=/safety status=200
2026-04-28 00:12:42,737 INFO request method=GET path=/api-docs status=200
2026-04-28 00:12:43,797 INFO request method=GET path=/detect status=200
2026-04-28 00:12:51,000 INFO request method=GET path=/admin status=200
2026-04-28 00:12:54,512 INFO request method=GET path=/admin status=200
2026-04-28 00:12:55,807 INFO request method=GET path=/quality status=200
2026-04-28 00:12:56,427 INFO request method=GET path=/quality status=200
2026-04-28 00:12:56,654 INFO request method=GET path=/quality status=200
2026-04-28 00:12:57,318 INFO request method=GET path=/quality status=200
2026-04-28 00:12:58,259 INFO request method=GET path=/quality status=200
2026-04-28 00:12:58,259 INFO request method=GET path=/model-card status=200
2026-04-28 00:13:04,436 INFO request method=GET path=/admin/logout status=302
2026-04-28 00:13:04,442 INFO request method=GET path=/detect status=200
2026-04-28 00:13:05,549 INFO request method=GET path=/admin status=302
2026-04-28 00:13:05,556 INFO request method=GET path=/admin/login status=200
2026-04-28 00:13:22,219 INFO request method=POST path=/admin/login status=302
2026-04-28 00:13:22,325 INFO request method=GET path=/admin status=200
2026-04-28 00:13:23,790 INFO request method=GET path=/characters status=200
2026-04-28 00:13:45,173 INFO request method=GET path=/names status=200
2026-04-28 00:13:45,227 INFO request method=GET path=/names/items status=200
2026-04-28 00:13:51,685 INFO request method=GET path=/detect status=200
2026-04-28 00:13:57,597 INFO detect language=hr confidence=0.96 source=lexicon reliability=high text_length=5
2026-04-28 00:13:57,599 INFO request method=POST path=/detect status=200
2026-04-28 00:13:58,126 INFO detect language=hr confidence=0.96 source=lexicon reliability=high text_length=4
2026-04-28 00:13:58,126 INFO request method=POST path=/detect status=200
2026-04-28 00:14:01,117 INFO detect language=unknown confidence=0.0 source=rule reliability=unknown text_length=4
2026-04-28 00:14:01,118 INFO request method=POST path=/detect status=200
2026-04-28 00:14:03,428 INFO request method=POST path=/analyze status=200
2026-04-28 00:14:11,119 INFO request method=POST path=/feedback status=200
2026-04-28 00:14:17,430 INFO detect language=unknown confidence=0.0 source=rule reliability=unknown text_length=2
2026-04-28 00:14:17,430 INFO request method=POST path=/detect status=200
2026-04-28 00:14:21,259 INFO detect language=unknown confidence=0.1111 source=lexicon reliability=unknown text_length=6
2026-04-28 00:14:21,259 INFO request method=POST path=/detect status=200
2026-04-28 00:14:23,940 INFO request method=POST path=/analyze status=200
2026-04-28 00:14:26,387 INFO detect language=uk confidence=1.0 source=rule reliability=high text_length=23
2026-04-28 00:14:26,388 INFO request method=POST path=/detect status=200
2026-04-28 00:14:27,133 INFO detect language=be confidence=0.98 source=rule reliability=high text_length=11
2026-04-28 00:14:27,134 INFO request method=POST path=/detect status=200
2026-04-28 00:14:27,733 INFO detect language=tr confidence=0.9463 source=lingua reliability=high text_length=18
2026-04-28 00:14:27,734 INFO request method=POST path=/detect status=200
2026-04-28 00:14:28,123 INFO detect language=cs confidence=0.9414 source=lingua reliability=high text_length=25
2026-04-28 00:14:28,124 INFO request method=POST path=/detect status=200
2026-04-28 00:14:32,758 INFO detect language=unknown confidence=0.0 source=rule reliability=unknown text_length=20
2026-04-28 00:14:32,758 INFO request method=POST path=/detect status=200
2026-04-28 00:14:36,372 INFO request method=GET path=/api-docs status=200
2026-04-28 00:14:42,313 INFO request method=GET path=/safety status=200
2026-04-28 00:14:43,755 INFO request method=GET path=/admin status=200
2026-04-28 00:14:46,865 INFO request method=GET path=/benchmark status=200
2026-04-28 00:15:11,511 INFO request method=GET path=/runs status=200
2026-04-28 00:15:15,298 INFO request method=POST path=/runs/52/rollback status=200
2026-04-28 00:15:16,041 INFO request method=GET path=/runs status=200
2026-04-28 00:15:22,809 INFO request method=GET path=/review status=200
2026-04-28 00:15:22,896 INFO request method=GET path=/review/items status=200
2026-04-28 00:15:29,088 INFO request method=DELETE path=/review/items status=200
2026-04-28 00:15:29,119 INFO request method=GET path=/review/items status=200
2026-04-28 00:15:30,236 INFO request method=DELETE path=/review/items status=200
2026-04-28 00:15:30,271 INFO request method=GET path=/review/items status=200
2026-04-28 00:15:30,904 INFO request method=DELETE path=/review/items status=200
2026-04-28 00:15:30,936 INFO request method=GET path=/review/items status=200
2026-04-28 00:15:31,483 INFO request method=DELETE path=/review/items status=200
2026-04-28 00:15:31,515 INFO request method=GET path=/review/items status=200
2026-04-28 00:15:33,517 INFO request method=GET path=/admin status=200
2026-04-28 00:15:46,287 INFO request method=GET path=/quality status=200
2026-04-28 00:15:48,388 INFO request method=GET path=/lexicon status=200
2026-04-28 00:15:50,147 INFO request method=GET path=/lexicon/entries status=200
2026-04-28 00:15:57,030 INFO request method=GET path=/lexicon status=200
2026-04-28 00:15:57,714 INFO request method=GET path=/names status=200
2026-04-28 00:15:58,007 INFO request method=GET path=/names status=200
2026-04-28 00:15:58,183 INFO request method=GET path=/names status=200
2026-04-28 00:15:58,344 INFO request method=GET path=/names status=200
2026-04-28 00:15:58,501 INFO request method=GET path=/names status=200
2026-04-28 00:15:59,078 INFO request method=GET path=/names/items status=200
2026-04-28 00:16:01,535 INFO request method=GET path=/names status=200
2026-04-28 00:16:01,535 INFO request method=GET path=/lexicon/entries status=200
2026-04-28 00:16:01,602 INFO request method=GET path=/names/items status=200
2026-04-28 00:16:02,621 INFO request method=GET path=/lexicon status=200
2026-04-28 00:16:04,192 INFO request method=GET path=/lexicon/entries status=200
2026-04-28 00:16:10,771 INFO request method=GET path=/learn status=200
2026-04-28 00:16:10,908 INFO request method=GET path=/learn/items status=200
2026-04-28 00:16:15,451 INFO request method=DELETE path=/learn/items status=200
2026-04-28 00:16:15,469 INFO request method=GET path=/learn/items status=200
2026-04-28 00:16:16,897 INFO request method=GET path=/characters status=200
2026-04-28 00:16:21,536 INFO request method=GET path=/groups status=200
2026-04-28 00:16:21,585 INFO request method=GET path=/groups status=200
2026-04-28 00:21:37,530 INFO request method=GET path=/ status=302
2026-04-28 00:21:37,540 INFO request method=GET path=/detect status=200
2026-04-28 00:21:46,651 INFO request method=GET path=/detect status=200
2026-04-28 00:21:47,492 INFO request method=GET path=/api-docs status=200
2026-04-28 00:21:49,611 INFO request method=GET path=/openapi.json status=200
2026-04-28 00:28:50,203 INFO request method=GET path=/admin status=302
2026-04-28 00:28:50,211 INFO request method=GET path=/admin/login status=200
2026-04-28 00:28:50,289 INFO request method=GET path=/favicon.ico status=302
2026-04-28 00:28:50,297 INFO request method=GET path=/admin/login status=200
2026-04-28 00:29:01,806 INFO request method=GET path=/favicon.ico status=302
2026-04-28 00:29:01,819 INFO request method=GET path=/favicon.ico status=302
2026-04-28 00:29:01,829 INFO request method=GET path=/admin/login status=200
2026-04-28 00:29:01,839 INFO request method=GET path=/admin/login status=200
2026-04-28 00:29:06,662 INFO request method=GET path=/login status=302
2026-04-28 00:29:06,669 INFO request method=GET path=/admin/login status=200
2026-04-28 00:29:06,707 INFO request method=GET path=/favicon.ico status=302
2026-04-28 00:29:06,714 INFO request method=GET path=/admin/login status=200
2026-04-28 00:29:17,638 INFO request method=GET path=/ status=302
2026-04-28 00:29:17,644 INFO request method=GET path=/detect status=200
2026-04-28 00:29:17,673 INFO request method=GET path=/favicon.ico status=302
2026-04-28 00:29:17,681 INFO request method=GET path=/admin/login status=200
2026-04-28 00:31:11,272 INFO request method=GET path=/ status=302
2026-04-28 00:31:11,280 INFO request method=GET path=/detect status=200
2026-04-28 00:31:14,327 INFO request method=POST path=/feedback status=400
2026-04-28 00:31:16,161 INFO request method=POST path=/analyze status=200
2026-04-28 00:31:19,046 INFO detect language=uk confidence=1.0 source=rule reliability=high text_length=23
2026-04-28 00:31:19,047 INFO request method=POST path=/detect status=200
2026-04-28 00:31:19,526 INFO detect language=be confidence=0.98 source=rule reliability=high text_length=11
2026-04-28 00:31:19,526 INFO request method=POST path=/detect status=200
2026-04-28 00:31:21,499 INFO request method=POST path=/analyze status=200
2026-04-28 00:31:21,982 INFO detect language=uk confidence=1.0 source=rule reliability=high text_length=23
2026-04-28 00:31:21,983 INFO request method=POST path=/detect status=200
2026-04-28 00:31:22,622 INFO request method=POST path=/analyze status=200
2026-04-28 00:31:29,818 INFO request method=POST path=/analyze status=200
2026-04-28 00:31:30,256 INFO detect language=be confidence=0.98 source=rule reliability=high text_length=11
2026-04-28 00:31:30,256 INFO request method=POST path=/detect status=200
2026-04-28 00:31:31,561 INFO request method=GET path=/api-docs status=200
2026-04-28 00:31:31,566 INFO detect language=tr confidence=0.9463 source=lingua reliability=high text_length=18
2026-04-28 00:31:31,567 INFO request method=POST path=/detect status=200
2026-04-28 00:31:32,817 INFO request method=GET path=/safety status=200
2026-04-28 00:33:46,793 INFO request method=GET path=/detect status=200
2026-04-28 00:33:54,462 INFO request method=POST path=/feedback status=400
2026-04-28 00:33:55,924 INFO request method=POST path=/analyze status=200
2026-04-28 00:34:00,678 INFO detect language=uk confidence=1.0 source=rule reliability=high text_length=23
2026-04-28 00:34:00,679 INFO request method=POST path=/detect status=200
2026-04-28 00:34:01,298 INFO detect language=be confidence=0.98 source=rule reliability=high text_length=11
2026-04-28 00:34:01,298 INFO request method=POST path=/detect status=200
2026-04-28 00:34:01,827 INFO detect language=tr confidence=0.9463 source=lingua reliability=high text_length=18
2026-04-28 00:34:01,827 INFO request method=POST path=/detect status=200
2026-04-28 00:34:04,377 INFO detect language=unknown confidence=0.0 source=rule reliability=unknown text_length=20
2026-04-28 00:34:04,377 INFO request method=POST path=/detect status=200
2026-04-28 00:34:04,388 INFO detect language=cs confidence=0.9414 source=lingua reliability=high text_length=25
2026-04-28 00:34:04,389 INFO request method=POST path=/detect status=200
2026-04-28 00:34:07,814 INFO detect language=unknown confidence=0.0 source=rule reliability=unknown text_length=20
2026-04-28 00:34:07,815 INFO request method=POST path=/detect status=200
2026-04-28 00:34:10,112 INFO detect language=unknown confidence=0.0 source=rule reliability=unknown text_length=20
2026-04-28 00:34:10,112 INFO request method=POST path=/detect status=200
2026-04-28 00:34:11,954 INFO request method=GET path=/api-docs status=200
2026-04-28 00:34:13,932 INFO request method=GET path=/admin status=200
2026-04-28 00:34:29,861 INFO request method=POST path=/admin/actions/rebuild status=200
2026-04-28 00:34:30,551 INFO request method=GET path=/quality status=200
2026-04-28 00:43:24,987 INFO request method=GET path=/ status=302
2026-04-28 00:43:24,994 INFO request method=GET path=/detect status=200
2026-04-28 00:43:25,418 INFO request method=GET path=/favicon.ico status=302
2026-04-28 00:43:25,421 INFO request method=GET path=/admin/login status=200
2026-04-28 00:43:28,827 INFO request method=GET path=/admin status=302
2026-04-28 00:43:28,831 INFO request method=GET path=/admin/login status=200
2026-04-28 00:43:28,883 INFO request method=GET path=/favicon.ico status=302
2026-04-28 00:43:28,889 INFO request method=GET path=/admin/login status=200
2026-04-28 00:43:37,257 INFO request method=GET path=/favicon.ico status=302
2026-04-28 00:43:37,262 INFO request method=GET path=/admin/login status=200
2026-04-28 00:44:07,790 INFO request method=POST path=/admin/login status=302
2026-04-28 00:44:07,893 INFO request method=GET path=/admin status=200
2026-04-28 00:44:07,963 INFO request method=GET path=/favicon.ico status=404
2026-04-28 00:44:12,128 INFO request method=GET path=/ status=302
2026-04-28 00:44:12,137 INFO request method=GET path=/detect status=200
2026-04-28 00:44:15,865 INFO request method=GET path=/admin status=200
2026-04-28 00:46:12,348 INFO detect language=uk confidence=1.0 source=rule reliability=high text_length=23
2026-04-28 00:46:15,499 INFO detect language=uk confidence=1.0 source=rule reliability=high text_length=23
2026-04-28 00:46:15,954 INFO detect language=uk confidence=1.0 source=rule reliability=high text_length=23
2026-04-28 00:46:16,728 INFO detect language=uk confidence=1.0 source=rule reliability=high text_length=23
2026-04-28 00:46:16,905 INFO detect language=uk confidence=1.0 source=rule reliability=high text_length=23
2026-04-28 00:46:17,079 INFO detect language=uk confidence=1.0 source=rule reliability=high text_length=23
2026-04-28 00:46:17,234 INFO detect language=uk confidence=1.0 source=rule reliability=high text_length=23
2026-04-28 00:46:17,398 INFO detect language=uk confidence=1.0 source=rule reliability=high text_length=23
2026-04-28 00:46:19,046 INFO detect language=unknown confidence=0.0 source=rule reliability=unknown text_length=11
2026-04-28 00:46:21,449 INFO detect language=unknown confidence=0.0 source=rule reliability=unknown text_length=11
2026-04-28 00:46:22,415 INFO detect language=unknown confidence=0.0 source=rule reliability=unknown text_length=11
2026-04-28 00:46:22,987 INFO detect language=unknown confidence=0.0 source=rule reliability=unknown text_length=11
2026-04-28 00:46:23,163 INFO detect language=unknown confidence=0.0 source=rule reliability=unknown text_length=11
2026-04-28 00:46:23,328 INFO detect language=unknown confidence=0.0 source=rule reliability=unknown text_length=11
2026-04-28 00:46:24,853 INFO detect language=unknown confidence=0.0 source=rule reliability=unknown text_length=11
2026-04-28 00:46:25,559 INFO detect language=unknown confidence=0.0 source=rule reliability=unknown text_length=11
2026-04-28 00:46:27,673 INFO detect language=cs confidence=0.9414 source=lingua reliability=high text_length=25
2026-04-28 00:46:27,689 INFO detect language=cs confidence=0.9414 source=lingua reliability=high text_length=25
2026-04-28 00:46:27,919 INFO detect language=unknown confidence=0.0 source=rule reliability=unknown text_length=20
2026-04-28 00:46:30,528 INFO detect language=unknown confidence=0.0 source=rule reliability=unknown text_length=20
2026-04-28 00:46:31,316 INFO detect language=unknown confidence=0.0 source=rule reliability=unknown text_length=20
2026-04-28 00:46:31,722 INFO detect language=unknown confidence=0.0 source=rule reliability=unknown text_length=20
2026-04-28 00:46:31,922 INFO detect language=unknown confidence=0.0 source=rule reliability=unknown text_length=20
2026-04-28 00:46:35,193 INFO detect language=uk confidence=0.98 source=rule reliability=high text_length=6
2026-04-28 00:46:36,310 INFO detect language=uk confidence=0.98 source=rule reliability=high text_length=6
2026-04-28 00:46:39,155 INFO detect language=uk confidence=1.0 source=rule reliability=high text_length=23
2026-04-28 00:46:39,587 INFO detect language=uk confidence=1.0 source=rule reliability=high text_length=23
2026-04-28 00:46:40,120 INFO detect language=uk confidence=1.0 source=rule reliability=high text_length=23
2026-04-28 00:46:42,518 INFO detect language=uk confidence=1.0 source=rule reliability=high text_length=23
2026-04-28 00:46:43,604 INFO detect language=uk confidence=1.0 source=rule reliability=high text_length=23
2026-04-28 00:46:44,433 INFO detect language=uk confidence=1.0 source=rule reliability=high text_length=23
2026-04-28 00:59:20,581 INFO detect language=uk confidence=1.0 source=rule reliability=high text_length=23
2026-04-28 01:21:45,373 INFO detect language=fr confidence=0.5698 source=lingua reliability=medium text_length=22
2026-04-28 01:26:54,794 INFO detect language=unknown confidence=0.0 source=rule reliability=unknown text_length=11
2026-04-28 01:26:57,952 INFO detect language=cs confidence=0.9414 source=lingua reliability=high text_length=25
2026-04-28 01:26:58,896 INFO detect language=unknown confidence=0.0 source=rule reliability=unknown text_length=11
2026-04-28 01:26:59,884 INFO detect language=uk confidence=1.0 source=rule reliability=high text_length=23
2026-04-28 01:27:01,610 INFO detect language=uk confidence=1.0 source=rule reliability=high text_length=23
2026-04-28 01:27:02,075 INFO detect language=uk confidence=1.0 source=rule reliability=high text_length=23
2026-04-28 01:27:02,271 INFO detect language=uk confidence=1.0 source=rule reliability=high text_length=23
2026-04-28 01:27:02,443 INFO detect language=uk confidence=1.0 source=rule reliability=high text_length=23
2026-04-28 01:27:02,880 INFO detect language=uk confidence=1.0 source=rule reliability=high text_length=23
2026-04-28 01:27:03,056 INFO detect language=uk confidence=1.0 source=rule reliability=high text_length=23
2026-04-28 01:27:05,376 INFO detect language=unknown confidence=0.0 source=rule reliability=unknown text_length=20
2026-04-28 01:27:08,105 INFO detect language=unknown confidence=0.0 source=rule reliability=unknown text_length=11
2026-04-28 01:27:08,659 INFO detect language=unknown confidence=0.0 source=rule reliability=unknown text_length=11
2026-04-28 01:27:18,603 INFO detect language=unknown confidence=0.0 source=rule reliability=unknown text_length=11
2026-04-28 01:27:23,501 INFO detect language=unknown confidence=0.0 source=rule reliability=unknown text_length=11
2026-04-28 01:27:24,103 INFO detect language=unknown confidence=0.0 source=rule reliability=unknown text_length=11
2026-04-28 01:27:24,305 INFO detect language=unknown confidence=0.0 source=rule reliability=unknown text_length=11
2026-04-28 01:36:23,688 INFO detect language=fr confidence=0.5698 source=lingua reliability=medium text_length=21
2026-04-28 01:36:24,569 INFO detect language=fr confidence=0.5698 source=lingua reliability=medium text_length=21
2026-04-28 01:36:24,752 INFO detect language=fr confidence=0.5698 source=lingua reliability=medium text_length=21
2026-04-28 01:36:24,917 INFO detect language=fr confidence=0.5698 source=lingua reliability=medium text_length=21
2026-04-28 01:36:26,406 INFO detect language=uk confidence=1.0 source=rule reliability=high text_length=23
2026-04-28 01:36:26,908 INFO detect language=unknown confidence=0.0 source=rule reliability=unknown text_length=11
2026-04-28 01:36:27,606 INFO detect language=unknown confidence=0.0 source=rule reliability=unknown text_length=11
2026-04-28 01:36:28,064 INFO detect language=unknown confidence=0.0 source=rule reliability=unknown text_length=11
2026-04-28 01:36:28,230 INFO detect language=unknown confidence=0.0 source=rule reliability=unknown text_length=11
2026-04-28 01:36:28,401 INFO detect language=unknown confidence=0.0 source=rule reliability=unknown text_length=11
2026-04-28 01:36:28,883 INFO detect language=uk confidence=1.0 source=rule reliability=high text_length=23
2026-04-28 01:36:29,376 INFO detect language=uk confidence=1.0 source=rule reliability=high text_length=23
2026-04-28 01:36:29,546 INFO detect language=uk confidence=1.0 source=rule reliability=high text_length=23
2026-04-28 01:36:30,140 INFO detect language=unknown confidence=0.0 source=rule reliability=unknown text_length=11
2026-04-28 01:36:30,877 INFO detect language=unknown confidence=0.0 source=rule reliability=unknown text_length=11
2026-04-28 01:36:31,023 INFO detect language=unknown confidence=0.0 source=rule reliability=unknown text_length=11
2026-04-28 01:36:31,260 INFO detect language=cs confidence=0.9414 source=lingua reliability=high text_length=25
2026-04-28 01:36:31,785 INFO detect language=cs confidence=0.9414 source=lingua reliability=high text_length=25
2026-04-28 01:36:31,941 INFO detect language=cs confidence=0.9414 source=lingua reliability=high text_length=25
2026-04-28 01:36:32,073 INFO detect language=cs confidence=0.9414 source=lingua reliability=high text_length=25
2026-04-28 01:36:32,478 INFO detect language=cs confidence=0.9414 source=lingua reliability=high text_length=25
2026-04-28 01:36:32,774 INFO detect language=unknown confidence=0.0 source=rule reliability=unknown text_length=20
2026-04-28 01:36:33,216 INFO detect language=unknown confidence=0.0 source=rule reliability=unknown text_length=20
2026-04-28 01:36:33,382 INFO detect language=unknown confidence=0.0 source=rule reliability=unknown text_length=20
2026-04-28 01:36:33,556 INFO detect language=unknown confidence=0.0 source=rule reliability=unknown text_length=20
2026-04-28 01:36:36,384 INFO detect language=unknown confidence=0.0 source=rule reliability=unknown text_length=11
2026-04-28 02:27:46,020 INFO detect language=fr confidence=0.99 source=rule reliability=high text_length=7
2026-04-28 02:29:23,831 INFO detect language=fr confidence=0.99 source=rule reliability=high text_length=7
2026-04-28 02:30:44,277 INFO detect language=fr confidence=0.99 source=rule reliability=high text_length=7
2026-04-28 02:33:25,061 INFO detect language=fr confidence=0.99 source=rule reliability=high text_length=7
2026-04-28 02:35:33,404 INFO detect language=fr confidence=0.99 source=rule reliability=high text_length=7
2026-04-28 02:40:24,608 INFO detect language=fr confidence=0.99 source=rule reliability=high text_length=7
2026-04-28 02:52:19,683 INFO detect language=fr confidence=0.99 source=rule reliability=high text_length=7
2026-04-28 02:55:36,366 INFO detect language=fr confidence=0.99 source=rule reliability=high text_length=7
2026-04-28 03:00:12,342 INFO detect language=fr confidence=0.99 source=rule reliability=high text_length=7
2026-04-28 03:02:32,951 INFO detect language=fr confidence=0.99 source=rule reliability=high text_length=7
2026-04-28 03:09:14,360 INFO detect language=fr confidence=0.5698 source=lingua reliability=medium text_length=21
2026-04-28 03:09:14,379 INFO detect language=fr confidence=0.5698 source=lingua reliability=medium text_length=21
2026-04-28 03:09:17,327 INFO detect language=fr confidence=0.5698 source=lingua reliability=medium text_length=21
2026-04-28 03:09:21,115 INFO detect language=uk confidence=1.0 source=rule reliability=high text_length=23
2026-04-28 03:09:22,774 INFO detect language=uk confidence=1.0 source=rule reliability=high text_length=23
2026-04-28 03:09:23,438 INFO detect language=uk confidence=1.0 source=rule reliability=high text_length=23
2026-04-28 03:09:24,604 INFO detect language=unknown confidence=0.0 source=rule reliability=unknown text_length=11
2026-04-28 03:09:25,455 INFO detect language=unknown confidence=0.0 source=rule reliability=unknown text_length=11
2026-04-28 03:09:26,196 INFO detect language=unknown confidence=0.0 source=rule reliability=unknown text_length=11
2026-04-28 03:09:26,389 INFO detect language=unknown confidence=0.0 source=rule reliability=unknown text_length=11
2026-04-28 03:09:26,568 INFO detect language=unknown confidence=0.0 source=rule reliability=unknown text_length=11
2026-04-28 03:09:26,733 INFO detect language=unknown confidence=0.0 source=rule reliability=unknown text_length=11
2026-04-28 03:09:27,981 INFO detect language=cs confidence=0.9414 source=lingua reliability=high text_length=25
2026-04-28 03:09:28,782 INFO detect language=unknown confidence=0.0 source=rule reliability=unknown text_length=20
2026-04-28 03:09:29,690 INFO detect language=cs confidence=0.9414 source=lingua reliability=high text_length=25
2026-04-28 03:09:32,105 INFO detect language=unknown confidence=0.0 source=rule reliability=unknown text_length=11
2026-04-28 10:58:25,536 INFO detect language=fr confidence=0.99 source=rule reliability=high text_length=7
2026-04-28 10:59:16,630 INFO detect language=fr confidence=0.99 source=rule reliability=high text_length=7
2026-04-28 11:03:44,827 INFO detect language=fr confidence=0.99 source=rule reliability=high text_length=7
2026-04-28 11:08:55,778 INFO detect language=fr confidence=0.99 source=rule reliability=high text_length=7
2026-04-28 11:21:06,852 INFO detect language=fr confidence=0.99 source=rule reliability=high text_length=7
2026-04-28 11:25:23,249 INFO detect language=fr confidence=0.99 source=rule reliability=high text_length=7
2026-04-28 11:27:38,913 INFO detect language=fr confidence=0.99 source=rule reliability=high text_length=7
2026-04-28 11:51:01,503 INFO detect language=fr confidence=0.99 source=rule reliability=high text_length=7
